prompt,chosen,rejected,margin
Answer concisely: Why is the sky blue? (briefly),Answer concisely: Why is the sky blue? (briefly) Why is the sky blue? (briefly) Why is the sky blue? (briefly) Why is the sky blue? (briefly) Why is the sky blue? (briefly) Why is the sky,"Answer concisely: Why is the sky blue? (briefly) Why should it be blue? (briefly) Why should it be blue?

The only explanation for this problem is that, in any world of human history, human beings were, in some way, even the most basic of",0.02718752762850596
Answer concisely: Why is the sky blue? (clearly),Answer concisely: Why is the sky blue? (clearly) Why is the sky blue? (clearly) Why is the sky blue? (clearly) Why is the sky blue? (clearly) Why is the sky blue? (clearly) Why is the sky blue? (clear,"Answer concisely: Why is the sky blue? (clearly) Why is this clear? Why is this crystal clear? The point of saying this was a ""no"" or ""yes"" moment and that it was the ""true"" moment.
I don't have a question, because I'm one",0.023105428499334058
Answer concisely: Why is the sky blue? (for a child),"Answer concisely: Why is the sky blue? (for a child)















































",Answer concisely: Why is the sky blue? (for a child) The sky blue is not the blue. (for a child) You don't know what blue it is. (for a child) The sky blue is not the blue. (for a child) I would call it a black void.,0.1381182256866903
Answer concisely: Why is the sky blue? (in one sentence),"Answer concisely: Why is the sky blue? (in one sentence)

A simple equation is that the sky blue is the result of a gravitational pull. (In the case of the universe, the Earth is a flat sphere, and the Earth is a flat sphere, and the Earth is a flat sphere","Answer concisely: Why is the sky blue? (in one sentence)
It’s not clear how this can be an accurate picture of the universe - or what is the shape of it - but it isn‣t clear to me if anything there was a universe, but the reality is the same",0.012852147046257478
Answer concisely: Why is the sky blue? (nicely),Answer concisely: Why is the sky blue? (nicely) Why should we be using space? (nicely) Why should we be using space? (nicely) Why should we be using space? (nicely) Why should we be using space? (nicely) Why should we be,"Answer concisely: Why is the sky blue? (nicely)

The sky blue is the first sign of the celestial constellation. The sky blue is the first sign of the celestial constellation. The sky blue is the first sign of the celestial constellation. The sky blue is the first sign of the celestial",0.006381915947970218
Explain simply: What is reinforcement learning? (briefly),"Explain simply: What is reinforcement learning? (briefly) The idea, given the recent attention we‹ve received, is that reinforcement learning enables students to make mistakes and improve themselves. I have tried to argue that reinforcement learning reduces the risk of a problem, but when we are presented with a","Explain simply: What is reinforcement learning? (briefly) It is a form of reinforcement learning, and it is a form of reinforcement learning that is not limited to learning, but also to learning the things that make it easier for you to learn. It is a form of reinforcement learning that is not",0.005352438197416376
Explain simply: What is reinforcement learning? (clearly),"Explain simply: What is reinforcement learning? (clearly)















































","Explain simply: What is reinforcement learning? (clearly) What does reinforcement learning look like in practice? Are there any specific training material that will help you? You may find this a great way to answer some of the questions that surround reinforcement learning and reinforcement learning, and many other training material. So",0.1041429510303572
Explain simply: What is reinforcement learning? (for a child),"Explain simply: What is reinforcement learning? (for a child)















































","Explain simply: What is reinforcement learning? (for a child)
But if the value of reinforcement learning has not yet been observed, we're not expecting to see reinforcement learning in kids like myself.
That's why my colleague David Braben and colleagues at the Stanford Center for Personality and Social Psychology",0.10777037213830387
Explain simply: What is reinforcement learning? (in one sentence),"Explain simply: What is reinforcement learning? (in one sentence)

But how does reinforcement learning do?
That‬s the answer to the question for many, many people. In the end, reinforcement learning is just a way to learn a new word. It‬s a really important","Explain simply: What is reinforcement learning? (in one sentence)

In a study of 8,000 adults, the authors found that reinforcement learning is more effective than reinforcement learning because it increases the ability of the brain to ""remember"" a task.
What is reinforcement learning?
In an article",0.011130169559927516
Explain simply: What is reinforcement learning? (nicely),"Explain simply: What is reinforcement learning? (nicely)















































","Explain simply: What is reinforcement learning? (nicely) The answer is that reinforcement learning (or at least reinforcement learning) is the way we learn, but we tend to overgeneralize when we have to be quite selective about the tasks that we are doing. (nicely) We tend to",0.11112872081644387
Rephrase politely: You are wrong. (briefly),"Rephrase politely: You are wrong. (briefly)















































","Rephrase politely: You are wrong. (briefly) your response has to take that time to correct. Your response should be correct, not an attack.



So for all the people who are not ""un-American"" or ""in-depth"" at the center of the",0.17668168439584608
Rephrase politely: You are wrong. (clearly),"Rephrase politely: You are wrong. (clearly)















































","Rephrase politely: You are wrong. (clearly) You know, I think that's what I mean. I'm sorry. I mean, I don't mean to suggest it. It's my opinion. You do need to take this to the next level. You deserve to be heard because",0.12092413072492558
Rephrase politely: You are wrong. (for a child),Rephrase politely: You are wrong. (for a child),"Rephrase politely: You are wrong. (for a child)



The American Family Association of America's (AFAA) press secretary, Sarah Huckabee Sanders, said in a statement on Friday that the group had asked the group to drop its objections to the proposal to expand the federal government's",0.23484523892402642
Rephrase politely: You are wrong. (in one sentence),"Rephrase politely: You are wrong. (in one sentence)















































","Rephrase politely: You are wrong. (in one sentence)



The whole thing was a joke.",0.07676476240158081
Rephrase politely: You are wrong. (nicely),"Rephrase politely: You are wrong. (nicely)















































","Rephrase politely: You are wrong. (nicely) - Donald J. Trump (@realDonaldTrump) February 19, 2016



































",0.0595744252204895
Summarize this sentence: Artificial intelligence is transforming industries. (briefly),Summarize this sentence: Artificial intelligence is transforming industries. (briefly) Artificial intelligence is transforming industries. (more fully),"Summarize this sentence: Artificial intelligence is transforming industries. (briefly) Artificial intelligence is transforming industries. (briefly) Artificial intelligence is transforming industries. (briefly)

























",0.01006382703781128
Summarize this sentence: Artificial intelligence is transforming industries. (clearly),"Summarize this sentence: Artificial intelligence is transforming industries. (clearly)















































","Summarize this sentence: Artificial intelligence is transforming industries. (clearly) Artificial intelligence is transforming industries.


The goal of the new ""Harmonization"" program is to ensure that companies and institutions can do more to keep and retain jobs, and that all companies and institutions are free to cooperate on",0.11010702287449547
Summarize this sentence: Artificial intelligence is transforming industries. (for a child),"Summarize this sentence: Artificial intelligence is transforming industries. (for a child)















































",Summarize this sentence: Artificial intelligence is transforming industries. (for a child) (for a child) (for a child) (for a child) (for a child) (for a child) (for a child) (for a child) (for a child) (for a child) (for a,0.06254106970394357
Summarize this sentence: Artificial intelligence is transforming industries. (in one sentence),Summarize this sentence: Artificial intelligence is transforming industries. (in one sentence) Artificial intelligence is transforming industries. (in one sentence) Artificial intelligence is transforming industries. (in one sentence) Artificial intelligence is transforming industries. (in one sentence) Artificial intelligence is transforming industries. (in one sentence) Artificial intelligence is transforming,"Summarize this sentence: Artificial intelligence is transforming industries. (in one sentence)

The world of artificial intelligence is changing. The most efficient and more efficient way to implement our needs is to use the computational power of AI.
We can build new robots, increase the productivity and increase our productivity. However, if",0.03654152225045604
Summarize this sentence: Artificial intelligence is transforming industries. (nicely),"Summarize this sentence: Artificial intelligence is transforming industries. (nicely)

In the first year of the U.S. Census, the percentage of the workforce that is in the labor force is growing. In the second year of the year, the percentage of the workforce that is in the labor force is","Summarize this sentence: Artificial intelligence is transforming industries. (nicely)

I have been in the business of a dozen years. It is becoming increasingly difficult to put together the best technology out there. While many of those who are working on it say a lot about their industry, I am not a member",0.012213483978720241
Write a polite reply to: I need this report urgently. (briefly),"Write a polite reply to: I need this report urgently. (briefly)

The following is an analysis of the responses to this letter:
1) There are two main questions you can ask me about: How do you get the response from the government?
2) How do you respond to the government",Write a polite reply to: I need this report urgently. (briefly) There are a lot of people who have given me a letter that I would like to hear back. There are a lot of people who have written to me asking for this. They have sent me copies of it in advance. I had to,0.006484420159283744
Write a polite reply to: I need this report urgently. (clearly),"Write a polite reply to: I need this report urgently. (clearly) If you have any suggestions please contact me. I am a volunteer with the National Institute of Standards and Technology.


Advertisements","Write a polite reply to: I need this report urgently. (clearly)
I have been asked about my current problem with my new car and I have contacted the local authorities for help, and this time they seem willing to contact me to help. I can only hope that this report will lead to further discussions between",0.12580091181923359
Write a polite reply to: I need this report urgently. (for a child),"Write a polite reply to: I need this report urgently. (for a child)

I have no idea where this will go and I hope to find another person who can help me.
""A very important question, the first and third question I'll ask, would you be interested in writing about an adult?","Write a polite reply to: I need this report urgently. (for a child)

I’m a young man and I’m in a relationship. I’m a young man and I’m in a relationship. I’m a young man and I’m in a",0.011124059265735009
Write a polite reply to: I need this report urgently. (in one sentence),"Write a polite reply to: I need this report urgently. (in one sentence)
The last time the House of Representatives made any attempt to amend the Constitution, it failed to pass a resolution to block one in an effort to address the lack of debate among members of the U.S. House of Representatives. In this","Write a polite reply to: I need this report urgently. (in one sentence)




The next time I hear a lot of people talk about the dangers of climate change, they should be careful. I think it is worth noting that the US has already experienced a massive increase in the global temperature since the",0.005167618218590242
