prompt,response_id,response,sim,brevity,politeness,toxicity,reward,resp_len
Rephrase politely: You are wrong. (nicely),response1,"Rephrase politely: You are wrong. (nicely)















































",1.0,1.0,0.0,0.0,0.8000000238418579,6.0
Rephrase politely: You are wrong. (nicely),response2,"Rephrase politely: You are wrong. (nicely) - Donald J. Trump (@realDonaldTrump) February 19, 2016



































",0.9007093,1.0,0.0,0.0,0.7404255986213684,14.0
Answer concisely: Why is the sky blue? (for a child),response1,"Answer concisely: Why is the sky blue? (for a child)















































",1.0,1.0,0.0,0.0,0.8000000238418579,10.0
Answer concisely: Why is the sky blue? (for a child),response2,Answer concisely: Why is the sky blue? (for a child) The sky blue is not the blue. (for a child) You don't know what blue it is. (for a child) The sky blue is not the blue. (for a child) I would call it a black void.,0.8629402,0.7205882352941176,0.0,0.0,0.6618817981551676,47.0
Summarize this sentence: Artificial intelligence is transforming industries. (for a child),response1,"Summarize this sentence: Artificial intelligence is transforming industries. (for a child)















































",1.0,1.0,0.0,0.0,0.8000000238418579,11.0
Summarize this sentence: Artificial intelligence is transforming industries. (for a child),response2,Summarize this sentence: Artificial intelligence is transforming industries. (for a child) (for a child) (for a child) (for a child) (for a child) (for a child) (for a child) (for a child) (for a child) (for a child) (for a,0.9545884,0.8235294117647058,0.0,0.0,0.7374589541379143,40.0
Write a polite reply to: I need this report urgently. (for a child),response1,"Write a polite reply to: I need this report urgently. (for a child)

I’m a young man and I’m in a relationship. I’m a young man and I’m in a relationship. I’m a young man and I’m in a",0.87599075,0.8382352941176471,0.0,0.0,0.6932415317086613,39.0
Write a polite reply to: I need this report urgently. (for a child),response2,"Write a polite reply to: I need this report urgently. (for a child)

I have no idea where this will go and I hope to find another person who can help me.
""A very important question, the first and third question I'll ask, would you be interested in writing about an adult?",0.9027008,0.6470588235294117,0.16666666666666666,0.0,0.7043655909743963,52.0
Explain simply: What is reinforcement learning? (for a child),response1,"Explain simply: What is reinforcement learning? (for a child)















































",1.0,1.0,0.0,0.0,0.8000000238418579,9.0
Explain simply: What is reinforcement learning? (for a child),response2,"Explain simply: What is reinforcement learning? (for a child)
But if the value of reinforcement learning has not yet been observed, we're not expecting to see reinforcement learning in kids like myself.
That's why my colleague David Braben and colleagues at the Stanford Center for Personality and Social Psychology",0.92332387,0.6911764705882353,0.0,0.0,0.692229651703554,49.0
Rephrase politely: You are wrong. (for a child),response1,"Rephrase politely: You are wrong. (for a child)



The American Family Association of America's (AFAA) press secretary, Sarah Huckabee Sanders, said in a statement on Friday that the group had asked the group to drop its objections to the proposal to expand the federal government's",0.69192463,0.75,0.0,0.0,0.5651547849178314,45.0
Rephrase politely: You are wrong. (for a child),response2,Rephrase politely: You are wrong. (for a child),1.0,1.0,0.0,0.0,0.8000000238418579,8.0
Write a polite reply to: I need this report urgently. (for a child),response1,"Write a polite reply to: I need this report urgently. (for a child)















































",1.0,1.0,0.0,0.0,0.8000000238418579,13.0
Write a polite reply to: I need this report urgently. (for a child),response2,"Write a polite reply to: I need this report urgently. (for a child)


I am currently a junior year graduate of Harvard. I would like to be the first woman to write a letter to a government official about this issue. I hope that, if I read more of it, it will lead to",0.85687774,0.6176470588235294,0.0,0.0,0.6376560702043421,54.0
Write a polite reply to: I need this report urgently. (clearly),response1,"Write a polite reply to: I need this report urgently. (clearly) If you have any suggestions please contact me. I am a volunteer with the National Institute of Standards and Technology.


Advertisements",0.93319273,0.9411764705882353,0.16666666666666666,0.0,0.781484289262809,32.0
Write a polite reply to: I need this report urgently. (clearly),response2,"Write a polite reply to: I need this report urgently. (clearly)
I have been asked about my current problem with my new car and I have contacted the local authorities for help, and this time they seem willing to contact me to help. I can only hope that this report will lead to further discussions between",0.8411716,0.5882352941176471,0.16666666666666666,0.0,0.6556833774435754,56.0
Write a polite reply to: I need this report urgently. (in one sentence),response1,"Write a polite reply to: I need this report urgently. (in one sentence)




The next time I hear a lot of people talk about the dangers of climate change, they should be careful. I think it is worth noting that the US has already experienced a massive increase in the global temperature since the",0.8160916,0.6176470588235294,0.0,0.0,0.6131843998151667,54.0
Write a polite reply to: I need this report urgently. (in one sentence),response2,"Write a polite reply to: I need this report urgently. (in one sentence)
The last time the House of Representatives made any attempt to amend the Constitution, it failed to pass a resolution to block one in an effort to address the lack of debate among members of the U.S. House of Representatives. In this",0.8296063,0.6029411764705883,0.0,0.0,0.618352018033757,55.0
Summarize this sentence: Artificial intelligence is transforming industries. (nicely),response1,"Summarize this sentence: Artificial intelligence is transforming industries. (nicely)

In the first year of the U.S. Census, the percentage of the workforce that is in the labor force is growing. In the second year of the year, the percentage of the workforce that is in the labor force is",0.8992276,0.6911764705882353,0.0,0.0,0.6777718894621905,49.0
Summarize this sentence: Artificial intelligence is transforming industries. (nicely),response2,"Summarize this sentence: Artificial intelligence is transforming industries. (nicely)

I have been in the business of a dozen years. It is becoming increasingly difficult to put together the best technology out there. While many of those who are working on it say a lot about their industry, I am not a member",0.8935777,0.6470588235294117,0.0,0.0,0.6655584054834702,52.0
Rephrase politely: You are wrong. (in one sentence),response1,"Rephrase politely: You are wrong. (in one sentence)















































",1.0,1.0,0.0,0.0,0.8000000238418579,8.0
Rephrase politely: You are wrong. (in one sentence),response2,"Rephrase politely: You are wrong. (in one sentence)



The whole thing was a joke.",0.87205875,1.0,0.0,0.0,0.723235261440277,14.0
Summarize this sentence: Artificial intelligence is transforming industries. (in one sentence),response1,Summarize this sentence: Artificial intelligence is transforming industries. (in one sentence) Artificial intelligence is transforming industries. (in one sentence) Artificial intelligence is transforming industries. (in one sentence) Artificial intelligence is transforming industries. (in one sentence) Artificial intelligence is transforming industries. (in one sentence) Artificial intelligence is transforming,0.9391705,0.7205882352941176,0.0,0.0,0.7076199587653665,47.0
Summarize this sentence: Artificial intelligence is transforming industries. (in one sentence),response2,"Summarize this sentence: Artificial intelligence is transforming industries. (in one sentence)

The world of artificial intelligence is changing. The most efficient and more efficient way to implement our needs is to use the computational power of AI.
We can build new robots, increase the productivity and increase our productivity. However, if",0.8978758,0.6617647058823529,0.0,0.0,0.6710784365149105,51.0
Write a polite reply to: I need this report urgently. (clearly),response1,"Write a polite reply to: I need this report urgently. (clearly)


The only way I can explain to me what it is that we have found out that the majority of people who work in the industry believe they can be paid a fair share of the income tax, but that there is no way",0.7749405,0.6029411764705883,0.0,0.0,0.5855525356881759,55.0
Write a polite reply to: I need this report urgently. (clearly),response2,"Write a polite reply to: I need this report urgently. (clearly)



I don't really understand how to be an expert in data science. I read the literature and you've seen that what they are doing is not a new phenomenon. The problem is that there are many different types of data",0.75031346,0.6617647058823529,0.0,0.0,0.5825410415144527,51.0
Explain simply: What is reinforcement learning? (clearly),response1,"Explain simply: What is reinforcement learning? (clearly)















































",1.0000001,1.0,0.0,0.0,0.8000000834465026,7.0
Explain simply: What is reinforcement learning? (clearly),response2,"Explain simply: What is reinforcement learning? (clearly) What does reinforcement learning look like in practice? Are there any specific training material that will help you? You may find this a great way to answer some of the questions that surround reinforcement learning and reinforcement learning, and many other training material. So",0.88361806,0.6617647058823529,0.16666666666666666,0.0,0.6958571324161454,51.0
Write a polite reply to: I need this report urgently. (for a child),response1,"Write a polite reply to: I need this report urgently. (for a child)















































",1.0,1.0,0.0,0.0,0.8000000238418579,13.0
Write a polite reply to: I need this report urgently. (for a child),response2,"Write a polite reply to: I need this report urgently. (for a child)
This report has been edited to make it to the version on display.
I can't guarantee you that it will be in the works. This report has not yet been submitted yet. Please let me know as soon as it's published",0.9311831,0.6176470588235294,0.16666666666666666,0.0,0.7155726049460617,54.0
Answer concisely: Why is the sky blue? (briefly),response1,Answer concisely: Why is the sky blue? (briefly) Why is the sky blue? (briefly) Why is the sky blue? (briefly) Why is the sky blue? (briefly) Why is the sky blue? (briefly) Why is the sky,0.8963521,0.8823529411764706,0.0,0.0,0.7142818675321692,36.0
Answer concisely: Why is the sky blue? (briefly),response2,"Answer concisely: Why is the sky blue? (briefly) Why should it be blue? (briefly) Why should it be blue?

The only explanation for this problem is that, in any world of human history, human beings were, in some way, even the most basic of",0.8902552,0.7647058823529411,0.0,0.0,0.6870943399036632,44.0
Explain simply: What is reinforcement learning? (nicely),response1,"Explain simply: What is reinforcement learning? (nicely)















































",1.0,1.0,0.0,0.0,0.8000000238418579,7.0
Explain simply: What is reinforcement learning? (nicely),response2,"Explain simply: What is reinforcement learning? (nicely) The answer is that reinforcement learning (or at least reinforcement learning) is the way we learn, but we tend to overgeneralize when we have to be quite selective about the tasks that we are doing. (nicely) We tend to",0.90302074,0.7352941176470589,0.0,0.0,0.688871303025414,46.0
Summarize this sentence: Artificial intelligence is transforming industries. (in one sentence),response1,"Summarize this sentence: Artificial intelligence is transforming industries. (in one sentence)


The idea that artificial intelligence is transforming industries is becoming increasingly common. There are many ways to understand this, but it is a very simple one.
In my book, Artificial Intelligence is transforming industries. It is transforming industries.",0.9372579,0.6911764705882353,0.0,0.0,0.7005900375983294,49.0
Summarize this sentence: Artificial intelligence is transforming industries. (in one sentence),response2,"Summarize this sentence: Artificial intelligence is transforming industries. (in one sentence) If there is an industry, it's because we are replacing it with the other. But if we replace it with the other, it's just not enough. Our new laws mean something. The same rules don't apply for technology. We",0.88173544,0.6764705882352942,0.0,0.0,0.6643354079302619,50.0
Answer concisely: Why is the sky blue? (nicely),response1,"Answer concisely: Why is the sky blue? (nicely)

The sky blue is the first sign of the celestial constellation. The sky blue is the first sign of the celestial constellation. The sky blue is the first sign of the celestial constellation. The sky blue is the first sign of the celestial",0.867537,0.6617647058823529,0.0,0.0,0.6528751780005062,51.0
Answer concisely: Why is the sky blue? (nicely),response2,Answer concisely: Why is the sky blue? (nicely) Why should we be using space? (nicely) Why should we be using space? (nicely) Why should we be using space? (nicely) Why should we be using space? (nicely) Why should we be,0.824252,0.8235294117647058,0.0,0.0,0.6592570939484764,40.0
Answer concisely: Why is the sky blue? (clearly),response1,Answer concisely: Why is the sky blue? (clearly) Why is the sky blue? (clearly) Why is the sky blue? (clearly) Why is the sky blue? (clearly) Why is the sky blue? (clearly) Why is the sky blue? (clear,0.9166292,0.8529411764705882,0.0,0.0,0.7205657762639663,38.0
Answer concisely: Why is the sky blue? (clearly),response2,"Answer concisely: Why is the sky blue? (clearly) Why is this clear? Why is this crystal clear? The point of saying this was a ""no"" or ""yes"" moment and that it was the ""true"" moment.
I don't have a question, because I'm one",0.90263,0.7794117647058824,0.0,0.0,0.6974603477646323,43.0
Summarize this sentence: Artificial intelligence is transforming industries. (in one sentence),response1,"Summarize this sentence: Artificial intelligence is transforming industries. (in one sentence)















































",1.0,1.0,0.0,0.0,0.8000000238418579,11.0
Summarize this sentence: Artificial intelligence is transforming industries. (in one sentence),response2,"Summarize this sentence: Artificial intelligence is transforming industries. (in one sentence) If you want to create jobs and create jobs, you need to create people who are smart and who have a very high level of social skills. You need to invent and invent in order to create jobs and create people who are smart and who",0.8931853,0.5735294117647058,0.0,0.0,0.6506170847836663,57.0
Explain simply: What is reinforcement learning? (for a child),response1,"Explain simply: What is reinforcement learning? (for a child)


I mean, when you consider the importance of reinforcement learning, you may think of reinforcement learning as a means to improve your performance. But when you think of reinforcement learning, it’s not. This is the way reinforcement",0.93420047,0.7352941176470589,0.0,0.0,0.707579114857842,46.0
Explain simply: What is reinforcement learning? (for a child),response2,"Explain simply: What is reinforcement learning? (for a child)
So this is what we need to do: learn the basics of reinforcement learning to gain attention to what we are learning (or just not learning to perform in front of us).
What we need to learn
So we want to learn",0.91672957,0.6617647058823529,0.0,0.0,0.6823906828375423,51.0
Write a polite reply to: I need this report urgently. (in one sentence),response1,"Write a polite reply to: I need this report urgently. (in one sentence)















































",1.0,1.0,0.0,0.0,0.8000000238418579,13.0
Write a polite reply to: I need this report urgently. (in one sentence),response2,"Write a polite reply to: I need this report urgently. (in one sentence) The other has an important question: did not you consider it worthwhile for the person to know about it and to make sure that he is not using the system to stop his behavior?


What's more, the problem with the language",0.89060694,0.6176470588235294,0.0,0.0,0.6578935756402857,54.0
Answer concisely: Why is the sky blue? (nicely),response1,Answer concisely: Why is the sky blue? (nicely) Why does the sky blue look white? (nicely) Why does the sky blue look white? (nicely) Why does the sky blue look white? (nicely) Why does the sky blue look white? (nicely),0.8995521,0.8235294117647058,0.0,0.0,0.704437146467321,40.0
Answer concisely: Why is the sky blue? (nicely),response2,"Answer concisely: Why is the sky blue? (nicely) You don't know where it stands. Why?
This article may contain links to Amazon or other partners; your purchases via these links can benefit Serious Eats. Read more about our affiliate linking policy.",0.82451,0.8088235294117647,0.0,0.0,0.6564707107403699,41.0
Write a polite reply to: I need this report urgently. (in one sentence),response1,"Write a polite reply to: I need this report urgently. (in one sentence)



I have a few suggestions for how to get the information out. I have received the report in a couple of hours. I have a few suggestions for how to get the information out. I have received the report in a",0.9133485,0.6176470588235294,0.0,0.0,0.6715385093408472,54.0
Write a polite reply to: I need this report urgently. (in one sentence),response2,"Write a polite reply to: I need this report urgently. (in one sentence)
I'm just waiting to get a word from me, before I finish making my comments.
The comments were also removed after I tried contacting my friend over email (thanks to his friend, who is being generous and accommodating and willing to",0.9100647,0.6176470588235294,0.3333333333333333,0.0,0.7362349444744634,54.0
Write a polite reply to: I need this report urgently. (briefly),response1,"Write a polite reply to: I need this report urgently. (briefly)

The following is an analysis of the responses to this letter:
1) There are two main questions you can ask me about: How do you get the response from the government?
2) How do you respond to the government",0.879154,0.6764705882352942,0.0,0.0,0.6627865812357734,50.0
Write a polite reply to: I need this report urgently. (briefly),response2,Write a polite reply to: I need this report urgently. (briefly) There are a lot of people who have given me a letter that I would like to hear back. There are a lot of people who have written to me asking for this. They have sent me copies of it in advance. I had to,0.8977585,0.5882352941176471,0.0,0.0,0.6563021610764896,56.0
Explain simply: What is reinforcement learning? (for a child),response1,"Explain simply: What is reinforcement learning? (for a child)


The answer is: reinforcement learning is a kind of reinforcement learning.
When you take a child out of the classroom, you are learning the same way you did when you were at school, and you are learning the same way",0.93408453,0.6911764705882353,0.0,0.0,0.6986860268256243,49.0
Explain simply: What is reinforcement learning? (for a child),response2,Explain simply: What is reinforcement learning? (for a child),1.0,1.0,0.0,0.0,0.8000000238418579,9.0
Answer concisely: Why is the sky blue? (briefly),response1,Answer concisely: Why is the sky blue? (briefly) Why is the sky blue? (briefly) Why is the sky blue? (briefly) Why is the sky blue? (briefly) Why is the sky blue? (briefly) Why is the sky,0.8963521,0.8823529411764706,0.0,0.0,0.7142818675321692,36.0
Answer concisely: Why is the sky blue? (briefly),response2,Answer concisely: Why is the sky blue? (briefly) Why is the sky blue? (briefly) Why is the sky blue? (briefly) Why is the sky blue? (briefly) Why is the sky blue? (briefly) Why is the sky,0.8963521,0.8823529411764706,0.0,0.0,0.7142818675321692,36.0
Summarize this sentence: Artificial intelligence is transforming industries. (for a child),response1,"Summarize this sentence: Artificial intelligence is transforming industries. (for a child)















































",1.0,1.0,0.0,0.0,0.8000000238418579,11.0
Summarize this sentence: Artificial intelligence is transforming industries. (for a child),response2,"Summarize this sentence: Artificial intelligence is transforming industries. (for a child)

The word ""intelligence"" is a combination of three. ""intelligence"" refers to the information that is being used by humans to control or control or manipulate your behavior. We use it as a word to describe complex tasks, such as",0.85956544,0.6764705882352942,0.0,0.0,0.6510333797510932,50.0
Summarize this sentence: Artificial intelligence is transforming industries. (clearly),response1,"Summarize this sentence: Artificial intelligence is transforming industries. (clearly)















































",1.0,1.0,0.0,0.0,0.8000000238418579,9.0
Summarize this sentence: Artificial intelligence is transforming industries. (clearly),response2,"Summarize this sentence: Artificial intelligence is transforming industries. (clearly) Artificial intelligence is transforming industries.


The goal of the new ""Harmonization"" program is to ensure that companies and institutions can do more to keep and retain jobs, and that all companies and institutions are free to cooperate on",0.9096256,0.7205882352941176,0.0,0.0,0.6898930009673624,47.0
Explain simply: What is reinforcement learning? (in one sentence),response1,"Explain simply: What is reinforcement learning? (in one sentence)

In a study of 8,000 adults, the authors found that reinforcement learning is more effective than reinforcement learning because it increases the ability of the brain to ""remember"" a task.
What is reinforcement learning?
In an article",0.9316838,0.7352941176470589,0.0,0.0,0.7060690907871022,46.0
Explain simply: What is reinforcement learning? (in one sentence),response2,"Explain simply: What is reinforcement learning? (in one sentence)

But how does reinforcement learning do?
That‬s the answer to the question for many, many people. In the end, reinforcement learning is just a way to learn a new word. It‬s a really important",0.93552816,0.7794117647058824,0.0,0.0,0.7171992603470297,43.0
Explain simply: What is reinforcement learning? (nicely),response1,"Explain simply: What is reinforcement learning? (nicely)

It's not. It's not. It's not. It's not. It's not.
What's reinforcement learning?
It's not. It's not.
How to learn reinforcement learning?
It's not",0.90315586,0.9558823529411765,0.0,0.0,0.733070012401132,31.0
Explain simply: What is reinforcement learning? (nicely),response2,"Explain simply: What is reinforcement learning? (nicely)

I will say that reinforcement learning is pretty generalization (I don't know what's better than reinforcement learning at that level, but it's quite strong). In my time with training, it's fairly standard in terms of generalization",0.9165924,0.7794117647058824,0.0,0.0,0.7058378401924582,43.0
Explain simply: What is reinforcement learning? (briefly),response1,"Explain simply: What is reinforcement learning? (briefly) It is a form of reinforcement learning, and it is a form of reinforcement learning that is not limited to learning, but also to learning the things that make it easier for you to learn. It is a form of reinforcement learning that is not",0.92858803,0.6470588235294117,0.0,0.0,0.686564632023082,52.0
Explain simply: What is reinforcement learning? (briefly),response2,"Explain simply: What is reinforcement learning? (briefly) The idea, given the recent attention we‹ve received, is that reinforcement learning enables students to make mistakes and improve themselves. I have tried to argue that reinforcement learning reduces the risk of a problem, but when we are presented with a",0.917901,0.7058823529411764,0.0,0.0,0.6919170702204984,48.0
Rephrase politely: You are wrong. (for a child),response1,"Rephrase politely: You are wrong. (for a child)















































",1.0,1.0,0.0,0.0,0.8000000238418579,8.0
Rephrase politely: You are wrong. (for a child),response2,"Rephrase politely: You are wrong. (for a child)





We're not there. You're wrong. If you can't be your God on the job and you don't feel good about being there, do not worry. We know what we're doing.

",0.70603216,0.8529411764705882,0.0,0.0,0.5942075354211471,38.0
Summarize this sentence: Artificial intelligence is transforming industries. (for a child),response1,"Summarize this sentence: Artificial intelligence is transforming industries. (for a child)















































",1.0,1.0,0.0,0.0,0.8000000238418579,11.0
Summarize this sentence: Artificial intelligence is transforming industries. (for a child),response2,Summarize this sentence: Artificial intelligence is transforming industries. (for a child) Artificial intelligence is transforming industries. (for a child) Artificial intelligence is transforming industries. (for a child) Artificial intelligence is transforming industries. (for a child) Artificial intelligence is transforming industries. (for a child) Artificial intelligence is transforming,0.9270431,0.7205882352941176,0.0,0.0,0.7003435429404764,47.0
Answer concisely: Why is the sky blue? (briefly),response1,Answer concisely: Why is the sky blue? (briefly) Why is the moon blue? (briefly) Why is the moon blue? (briefly) Why is the moon blue? (briefly) Why is the moon blue? (briefly) Why is the moon,0.8773896,0.8823529411764706,0.0,0.0,0.7029043541235083,36.0
Answer concisely: Why is the sky blue? (briefly),response2,"Answer concisely: Why is the sky blue? (briefly) How did we create this image? (briefly) What if you saw a meteorite? (briefly) Which was that one and a half of the way through in the sky, or if you thought that it was going",0.86631525,0.7647058823529411,0.0,0.0,0.6727303357685314,44.0
Explain simply: What is reinforcement learning? (for a child),response1,"Explain simply: What is reinforcement learning? (for a child)















































",1.0,1.0,0.0,0.0,0.8000000238418579,9.0
Explain simply: What is reinforcement learning? (for a child),response2,"Explain simply: What is reinforcement learning? (for a child) You are taught to remember the facts about something. You are taught not to forget and that, if you do it in a way that can bring life back to life, then you should immediately realize that this is not how you're supposed to",0.8808033,0.6323529411764706,0.0,0.0,0.6549526081365697,53.0
Rephrase politely: You are wrong. (nicely),response1,"Rephrase politely: You are wrong. (nicely)















































",1.0,1.0,0.0,0.0,0.8000000238418579,6.0
Rephrase politely: You are wrong. (nicely),response2,Rephrase politely: You are wrong. (nicely),1.0,1.0,0.0,0.0,0.8000000238418579,6.0
Rephrase politely: You are wrong. (in one sentence),response1,"Rephrase politely: You are wrong. (in one sentence)















































",1.0,1.0,0.0,0.0,0.8000000238418579,8.0
Rephrase politely: You are wrong. (in one sentence),response2,"Rephrase politely: You are wrong. (in one sentence)

This statement, though, is misleading. The point is that the American people support Donald Trump for president despite the fact that his popularity is at a record level. It is impossible to know whether his supporters are actually concerned about the president",0.7325144,0.6764705882352942,0.0,0.0,0.5748027643736671,50.0
Summarize this sentence: Artificial intelligence is transforming industries. (clearly),response1,"Summarize this sentence: Artificial intelligence is transforming industries. (clearly)















































",1.0,1.0,0.0,0.0,0.8000000238418579,9.0
Summarize this sentence: Artificial intelligence is transforming industries. (clearly),response2,"Summarize this sentence: Artificial intelligence is transforming industries. (clearly) It‽ can't be done without the need for new tools.



You can see that artificial intelligence has also become a crucial part of the modern economic system. Even the most advanced social networks might not have been able to",0.88359416,0.7058823529411764,0.0,0.0,0.6713329637751859,48.0
Summarize this sentence: Artificial intelligence is transforming industries. (in one sentence),response1,"Summarize this sentence: Artificial intelligence is transforming industries. (in one sentence)

The rise of automation, especially in the United States, is accelerating. (in one sentence)
It is happening.
The United States is rapidly becoming a leader in the automation of industries, with an estimated $100 billion of",0.89421135,0.7205882352941176,0.0,0.0,0.6806445058654337,47.0
Summarize this sentence: Artificial intelligence is transforming industries. (in one sentence),response2,Summarize this sentence: Artificial intelligence is transforming industries. (in one sentence),1.0,1.0,0.0,0.0,0.8000000238418579,11.0
Write a polite reply to: I need this report urgently. (for a child),response1,Write a polite reply to: I need this report urgently. (for a child),1.0,1.0,0.0,0.0,0.8000000238418579,13.0
Write a polite reply to: I need this report urgently. (for a child),response2,"Write a polite reply to: I need this report urgently. (for a child)

One week ago I saw the following page on how my sister and I shared the incident with the internet. I remember thinking it was only fair, but I quickly got a call. It took a while but I am not sure what",0.8980272,0.5882352941176471,0.0,0.0,0.6564633916406071,56.0
Write a polite reply to: I need this report urgently. (for a child),response1,Write a polite reply to: I need this report urgently. (for a child),1.0,1.0,0.0,0.0,0.8000000238418579,13.0
Write a polite reply to: I need this report urgently. (for a child),response2,"Write a polite reply to: I need this report urgently. (for a child) Please do not answer ""I want to see a girl."" He also wants to know exactly how they feel about him.


This post contains a small post written by the author on the website with the following details and details:
",0.87303716,0.6323529411764706,0.16666666666666666,0.0,0.6836262291552974,53.0
Rephrase politely: You are wrong. (briefly),response1,"Rephrase politely: You are wrong. (briefly)















































",1.0,1.0,0.0,0.0,0.8000000238418579,6.0
Rephrase politely: You are wrong. (briefly),response2,"Rephrase politely: You are wrong. (briefly) your response has to take that time to correct. Your response should be correct, not an attack.



So for all the people who are not ""un-American"" or ""in-depth"" at the center of the",0.7594521,0.8382352941176471,0.0,0.0,0.6233183394460118,39.0
Write a polite reply to: I need this report urgently. (clearly),response1,"Write a polite reply to: I need this report urgently. (clearly)

I have no problem with the media. I am very concerned about the need for this report.
The news media, and the press, are not the only ones who are concerned about the media’s lack of trust and",0.8336408,0.6911764705882353,0.0,0.0,0.6384198300978716,49.0
Write a polite reply to: I need this report urgently. (clearly),response2,Write a polite reply to: I need this report urgently. (clearly),1.0,1.0,0.0,0.0,0.8000000238418579,11.0
Write a polite reply to: I need this report urgently. (in one sentence),response1,"Write a polite reply to: I need this report urgently. (in one sentence)

The reason for the absence of a proper response is that the following:
I don't know what's going on in the first place. I'm still trying to get the police to explain what happened.
The answer to this",0.8745295,0.6617647058823529,0.0,0.0,0.6570706297369564,51.0
Write a polite reply to: I need this report urgently. (in one sentence),response2,"Write a polite reply to: I need this report urgently. (in one sentence) And now, the problem with the email that you are sending the message is that it is being sent through our mailboxes, but we have not sent it to any other website or any other place. We have not been able to get this",0.81822616,0.5735294117647058,0.0,0.0,0.6056415954056908,57.0
Summarize this sentence: Artificial intelligence is transforming industries. (briefly),response1,"Summarize this sentence: Artificial intelligence is transforming industries. (briefly) Artificial intelligence is transforming industries. (briefly) Artificial intelligence is transforming industries. (briefly)

























",0.9532764,1.0,0.0,0.0,0.7719658732414245,21.0
Summarize this sentence: Artificial intelligence is transforming industries. (briefly),response2,Summarize this sentence: Artificial intelligence is transforming industries. (briefly) Artificial intelligence is transforming industries. (more fully),0.9700495,1.0,0.0,0.0,0.7820297002792358,16.0
Rephrase politely: You are wrong. (clearly),response1,"Rephrase politely: You are wrong. (clearly)















































",1.0,1.0,0.0,0.0,0.8000000238418579,6.0
Rephrase politely: You are wrong. (clearly),response2,"Rephrase politely: You are wrong. (clearly) You know, I think that's what I mean. I'm sorry. I mean, I don't mean to suggest it. It's my opinion. You do need to take this to the next level. You deserve to be heard because",0.81643367,0.7794117647058824,0.16666666666666666,0.0,0.6790758931169323,43.0
Write a polite reply to: I need this report urgently. (for a child),response1,"Write a polite reply to: I need this report urgently. (for a child)


The response is: ""I would like to hear from you on this issue. I don't want to hear about it. I want to hear from you on this issue. I want to hear from you on this issue.",0.8927003,0.6617647058823529,0.0,0.0,0.6679731537314022,51.0
Write a polite reply to: I need this report urgently. (for a child),response2,"Write a polite reply to: I need this report urgently. (for a child)


When you are a girl, you should always have a child. You should keep your expectations high. Do not become a virgin or a child that you can't support until you come back, or be married after another marriage.",0.7840795,0.6470588235294117,0.0,0.0,0.5998594838030198,52.0
Summarize this sentence: Artificial intelligence is transforming industries. (in one sentence),response1,"Summarize this sentence: Artificial intelligence is transforming industries. (in one sentence)















































",1.0,1.0,0.0,0.0,0.8000000238418579,11.0
Summarize this sentence: Artificial intelligence is transforming industries. (in one sentence),response2,Summarize this sentence: Artificial intelligence is transforming industries. (in one sentence) The world may be filled with machines like machine intelligence.,0.9457244,1.0,0.0,0.0,0.7674346685409545,21.0
Rephrase politely: You are wrong. (in one sentence),response1,"Rephrase politely: You are wrong. (in one sentence)















































",1.0,1.0,0.0,0.0,0.8000000238418579,8.0
Rephrase politely: You are wrong. (in one sentence),response2,"Rephrase politely: You are wrong. (in one sentence)



What exactly is that?
This particular sentence, taken from a popular post by author James Madison (1844-1847) is also very unusual. In fact, that sentence is often used for other reasons, such",0.87492776,0.8235294117647058,0.0,0.0,0.6896625855389763,40.0
Summarize this sentence: Artificial intelligence is transforming industries. (clearly),response1,"Summarize this sentence: Artificial intelligence is transforming industries. (clearly)















































",1.0,1.0,0.0,0.0,0.8000000238418579,9.0
Summarize this sentence: Artificial intelligence is transforming industries. (clearly),response2,"Summarize this sentence: Artificial intelligence is transforming industries. (clearly) It would be no surprise that some industries will see AI become more advanced over the coming years. The fact is that many industries that were previously not able to adapt to AI today are now able to cope with it, and that they may be",0.88572526,0.6029411764705883,0.0,0.0,0.6520234269254348,55.0
Answer concisely: Why is the sky blue? (nicely),response1,Answer concisely: Why is the sky blue? (nicely) What is the colour of the sky? (nicely) What is the colour of the sky? (nicely) What is the colour of the sky? (nicely) What is the colour of the sky? (nicely),0.87239355,0.8235294117647058,0.0,0.0,0.6881420114461113,40.0
Answer concisely: Why is the sky blue? (nicely),response2,Answer concisely: Why is the sky blue? (nicely) Why does the sky blue? (nicely) Why is it blue? (nicely) Why is it green? (nicely) Why is it blue? (nicely) Why is it green? (nicely) why is,0.8947836,0.8823529411764706,0.0,0.0,0.7133407697958105,36.0
Explain simply: What is reinforcement learning? (briefly),response1,"Explain simply: What is reinforcement learning? (briefly)


The question of reinforcement learning is not always a straightforward question. It can be complex, but it is always a fascinating one.
It is often hard to come up with a solution to the problem, but it is still a",0.9466641,0.7205882352941176,0.0,0.0,0.7121161159347086,47.0
Explain simply: What is reinforcement learning? (briefly),response2,"Explain simply: What is reinforcement learning? (briefly) If reinforcement training isn't what reinforcement learning needs to do, how can we expect it to do it?


One of the main reasons why reinforcement learning is so crucial is because it's a critical role in understanding the complexity of the",0.9134073,0.7058823529411764,0.0,0.0,0.6892209137187284,48.0
Explain simply: What is reinforcement learning? (briefly),response1,"Explain simply: What is reinforcement learning? (briefly)















































",1.0,1.0,0.0,0.0,0.8000000238418579,7.0
Explain simply: What is reinforcement learning? (briefly),response2,Explain simply: What is reinforcement learning? (briefly) The following is a brief summary of the main concepts we use to describe reinforcement learning and reinforcement learning. These concepts show some important differences between the two types of reinforcement learning. While reinforcement learning and reinforcement learning in general are not quite as useful as,0.9364513,0.6323529411764706,0.0,0.0,0.6883414016050451,53.0
Explain simply: What is reinforcement learning? (briefly),response1,"Explain simply: What is reinforcement learning? (briefly)















































",1.0,1.0,0.0,0.0,0.8000000238418579,7.0
Explain simply: What is reinforcement learning? (briefly),response2,"Explain simply: What is reinforcement learning? (briefly)















































",1.0,1.0,0.0,0.0,0.8000000238418579,7.0
Summarize this sentence: Artificial intelligence is transforming industries. (in one sentence),response1,"Summarize this sentence: Artificial intelligence is transforming industries. (in one sentence)















































",1.0,1.0,0.0,0.0,0.8000000238418579,11.0
Summarize this sentence: Artificial intelligence is transforming industries. (in one sentence),response2,"Summarize this sentence: Artificial intelligence is transforming industries. (in one sentence) ""A world without money,"" for example. ""In the 21st century, even as a small business develops, the number of people who use it is growing exponentially, and the size of its workforce is growing at a rate of 2.",0.89837426,0.6764705882352942,0.0,0.0,0.6743187090929816,50.0
Explain simply: What is reinforcement learning? (nicely),response1,"Explain simply: What is reinforcement learning? (nicely)















































",1.0,1.0,0.0,0.0,0.8000000238418579,7.0
Explain simply: What is reinforcement learning? (nicely),response2,"Explain simply: What is reinforcement learning? (nicely) What is the reward for learning?


The more training we receive, the better it becomes.
As a reward, we expect people to learn at a good rate, but we think about the rewards that reward their skills (e",0.9151596,0.75,0.0,0.0,0.6990957498550415,45.0
Answer concisely: Why is the sky blue? (for a child),response1,"Answer concisely: Why is the sky blue? (for a child)

The question is ""why is the sky blue?"" If you can figure out what the sky blue is, why is the sky blue? If you can figure out what the sky blue is, why is the sky blue? If you",0.9031702,0.6764705882352942,0.0,0.0,0.677196302133448,50.0
Answer concisely: Why is the sky blue? (for a child),response2,Answer concisely: Why is the sky blue? (for a child) Yes. There is no reason to be pessimistic; you have all the answers. What does the sky color look like when you look at the sky? What does the weather look like when you look at the sky? How does it look on,0.8826196,0.6323529411764706,0.0,0.0,0.6560423598569982,53.0
Answer concisely: Why is the sky blue? (clearly),response1,Answer concisely: Why is the sky blue? (clearly) Why does it have blue? Why does it have blue? Why does it have blue? Why does it have blue? Why does it have blue? Why does it have blue? Why does it have blue? Why does it have blue?,0.9100214,0.7058823529411764,0.0,0.0,0.687189349006204,48.0
Answer concisely: Why is the sky blue? (clearly),response2,"Answer concisely: Why is the sky blue? (clearly) Why is the sky white? (clearly) Why is the sky red? The sky blue? The sky red? In reality, the sky blue is not the normal color for any large sky.

In reality, the sky blue",0.9285388,0.7647058823529411,0.0,0.0,0.7100644798839794,44.0
Rephrase politely: You are wrong. (nicely),response1,"Rephrase politely: You are wrong. (nicely)















































",1.0,1.0,0.0,0.0,0.8000000238418579,6.0
Rephrase politely: You are wrong. (nicely),response2,"Rephrase politely: You are wrong. (nicely)















































",1.0,1.0,0.0,0.0,0.8000000238418579,6.0
Write a polite reply to: I need this report urgently. (for a child),response1,Write a polite reply to: I need this report urgently. (for a child),1.0,1.0,0.0,0.0,0.8000000238418579,13.0
Write a polite reply to: I need this report urgently. (for a child),response2,"Write a polite reply to: I need this report urgently. (for a child)


This article was updated on August 23, 2018",0.9788059,1.0,0.0,0.0,0.7872835516929626,21.0
Rephrase politely: You are wrong. (for a child),response1,"Rephrase politely: You are wrong. (for a child)















































",1.0,1.0,0.0,0.0,0.8000000238418579,8.0
Rephrase politely: You are wrong. (for a child),response2,"Rephrase politely: You are wrong. (for a child)
The next thing you know, the police have a lot of the power to arrest a child from their home. And yet their police don't have that much power.",0.7405,0.8676470588235294,0.0,0.0,0.6178294076639064,37.0
Summarize this sentence: Artificial intelligence is transforming industries. (for a child),response1,"Summarize this sentence: Artificial intelligence is transforming industries. (for a child)















































",1.0,1.0,0.0,0.0,0.8000000238418579,11.0
Summarize this sentence: Artificial intelligence is transforming industries. (for a child),response2,"Summarize this sentence: Artificial intelligence is transforming industries. (for a child)

There have been some claims about artificial intelligence (AI) and the problems with it, but that‏s an exaggeration, since at least some of those claims have been debunked in the last few decades. What I do know,",0.86994123,0.7058823529411764,0.0,0.0,0.6631412590251249,48.0
Answer concisely: Why is the sky blue? (clearly),response1,"Answer concisely: Why is the sky blue? (clearly)

The sky blue is a feature of the moon that can be seen in the sky. (clearly)
The moon blue is a feature of the moon that can be seen in the sky. (clearly)
The sky",0.8989595,0.7647058823529411,0.0,0.0,0.6923168988788829,44.0
Answer concisely: Why is the sky blue? (clearly),response2,"Answer concisely: Why is the sky blue? (clearly) This is where the white is going to be. (clearly) In this area, where it has a very wide swath of light (so you have to look back) it's going to be very close (no need to look back",0.8674008,0.7205882352941176,0.0,0.0,0.6645581659148722,47.0
Answer concisely: Why is the sky blue? (for a child),response1,"Answer concisely: Why is the sky blue? (for a child)


The sky blue is the same color as the sky blue, but it is different. The sky blue is the same color as the sky blue, but it is different. The sky blue is the same color as the sky blue",0.90231913,0.6617647058823529,0.0,0.0,0.6737444330664242,51.0
Answer concisely: Why is the sky blue? (for a child),response2,Answer concisely: Why is the sky blue? (for a child) Why is the moon blue? (for a child) Who is the first person to get to see the sky? (for a child) Why is the sky blue? (for a child) Who is the first person to get to see,0.8883929,0.6911764705882353,0.0,0.0,0.6712710492751177,49.0
Write a polite reply to: I need this report urgently. (briefly),response1,"Write a polite reply to: I need this report urgently. (briefly)


I'm not going to have to be in the middle of a busy day. I'm not going to have to be in the middle of a busy day. I'm not going to have to be in the middle of a",0.8079007,0.6617647058823529,0.0,0.0,0.6170934070559109,51.0
Write a polite reply to: I need this report urgently. (briefly),response2,"Write a polite reply to: I need this report urgently. (briefly)


Hi I want to thank everyone who has commented with me since I received this request. Please check our site for updates on the latest reports.
Thank you very much for contacting me and I also want to thank you so much",0.9143937,0.6323529411764706,0.3333333333333333,0.0,0.7417735125504288,53.0
Answer concisely: Why is the sky blue? (nicely),response1,Answer concisely: Why is the sky blue? (nicely) Why is the sky blue? (nicely) Why is the sky blue? (nicely) Why is the sky blue? (nicely) Why is the sky blue? (nicely) Why is the sky blue? (nice,0.9078912,0.8529411764705882,0.0,0.0,0.7153230113141678,38.0
Answer concisely: Why is the sky blue? (nicely),response2,"Answer concisely: Why is the sky blue? (nicely)


This is my first post about a ""numbersome"" argument, and my second post about my ""Numbersome"" argument, and my third post about ""Numbersome"" in Python.
A more complex and",0.85178703,0.8676470588235294,0.0,0.0,0.6846016301828273,37.0
Rephrase politely: You are wrong. (clearly),response1,"Rephrase politely: You are wrong. (clearly)















































",1.0,1.0,0.0,0.0,0.8000000238418579,6.0
Rephrase politely: You are wrong. (clearly),response2,"Rephrase politely: You are wrong. (clearly) you can't.


As is the case on Tuesday, in a case from the North Carolina Supreme Court — which has rejected the so-called ‪redistricting‍ proposal, which the court has refused to pass at",0.6616147,0.8382352941176471,0.0,0.0,0.5646159003762639,39.0
Explain simply: What is reinforcement learning? (for a child),response1,"Explain simply: What is reinforcement learning? (for a child)















































",1.0,1.0,0.0,0.0,0.8000000238418579,9.0
Explain simply: What is reinforcement learning? (for a child),response2,"Explain simply: What is reinforcement learning? (for a child)
For a child who has only learned the skills he needs: He needs a way of doing things and doing things that will not help him, or will not improve the life of his child, his wife, or the world around him.",0.94507873,0.6617647058823529,0.16666666666666666,0.0,0.7327335128597184,51.0
Summarize this sentence: Artificial intelligence is transforming industries. (in one sentence),response1,"Summarize this sentence: Artificial intelligence is transforming industries. (in one sentence)


The Internet is transforming industries. (in one sentence)
The Internet is transforming industries. (in one sentence)
The Internet is transforming industries. (in one sentence)
The Internet is transforming industries. (in one",0.9316364,0.7941176470588236,0.0,0.0,0.7178053652538973,42.0
Summarize this sentence: Artificial intelligence is transforming industries. (in one sentence),response2,"Summarize this sentence: Artificial intelligence is transforming industries. (in one sentence)

This is interesting, because you could say that the fact that automation makes jobs happen by the same mechanism that machines do is not possible in a vacuum that is never possible. It simply means that, even if you have just done a",0.905382,0.6176470588235294,0.0,0.0,0.6667586340623743,54.0
Explain simply: What is reinforcement learning? (nicely),response1,"Explain simply: What is reinforcement learning? (nicely) I don't know how to answer this question, but I think reinforcement learning is really useful for learning about people.

I'm not really sure if it's just a technique for making people think. But I think it's a very",0.9225765,0.7352941176470589,0.0,0.0,0.7006047157680287,46.0
Explain simply: What is reinforcement learning? (nicely),response2,"Explain simply: What is reinforcement learning? (nicely) When you start a new project, the reinforcement learning model is just as likely to work as reinforcement learning.

I think that reinforcement learning needs to become less complex, and more effective. So while reinforcement learning can be a huge part of",0.85296553,0.6911764705882353,0.0,0.0,0.6500146620413836,49.0
Write a polite reply to: I need this report urgently. (briefly),response1,Write a polite reply to: I need this report urgently. (briefly) I have seen a lot of people making comments about the issues in my life and have decided to call this one the best and most accurate report I have ever received. I am sure it will help to understand the issues and to get it to,0.9517907,0.5588235294117647,0.16666666666666666,0.0,0.7161724653898501,58.0
Write a polite reply to: I need this report urgently. (briefly),response2,"Write a polite reply to: I need this report urgently. (briefly) This has been one of the top posts since last Friday. There's a large number of emails in the site. The responses are very different. As always, we do need to get the response to the content, as well as the content",0.9139067,0.6323529411764706,0.0,0.0,0.6748146043104284,53.0
Rephrase politely: You are wrong. (clearly),response1,"Rephrase politely: You are wrong. (clearly)















































",1.0,1.0,0.0,0.0,0.8000000238418579,6.0
Rephrase politely: You are wrong. (clearly),response2,Rephrase politely: You are wrong. (clearly),1.0,1.0,0.0,0.0,0.8000000238418579,6.0
Rephrase politely: You are wrong. (in one sentence),response1,"Rephrase politely: You are wrong. (in one sentence)















































",1.0,1.0,0.0,0.0,0.8000000238418579,8.0
Rephrase politely: You are wrong. (in one sentence),response2,"Rephrase politely: You are wrong. (in one sentence)
I am in a bad position now, and that is why I'm worried about the future. For now, my life is on course to be a great adventure and I will be back, but we must be prepared to deal with that",0.7191427,0.6764705882352942,0.0,0.0,0.5667797407683204,50.0
Answer concisely: Why is the sky blue? (nicely),response1,Answer concisely: Why is the sky blue? (nicely) Why is the sky blue? (nicely) Why is the sky blue? (nicely) Why is the sky blue? (nicely) Why is the sky blue? (nicely) Why is the sky blue? (nice,0.9078912,0.8529411764705882,0.0,0.0,0.7153230113141678,38.0
Answer concisely: Why is the sky blue? (nicely),response2,Answer concisely: Why is the sky blue? (nicely) Why does this make sense? (no) Why has it actually been made of glass? (no) Why does it matter how much blue the sky is? (no) Why does it matter how much more blue is? (no),0.8660315,0.7647058823529411,0.0,0.0,0.6725601049030528,44.0
Rephrase politely: You are wrong. (in one sentence),response1,"Rephrase politely: You are wrong. (in one sentence)















































",1.0,1.0,0.0,0.0,0.8000000238418579,8.0
Rephrase politely: You are wrong. (in one sentence),response2,"Rephrase politely: You are wrong. (in one sentence)



(Note: This post was originally published on January 7, 2016 and has been updated in the week of January 2, 2017.)",0.9436501,0.9852941176470589,0.0,0.0,0.7632489470874562,29.0
Explain simply: What is reinforcement learning? (in one sentence),response1,"Explain simply: What is reinforcement learning? (in one sentence)















































",1.0,1.0,0.0,0.0,0.8000000238418579,9.0
Explain simply: What is reinforcement learning? (in one sentence),response2,"Explain simply: What is reinforcement learning? (in one sentence)
If you look at the examples above, you'll notice that I am suggesting that reinforcement learning is ""different"" to reinforcement learning.
Let's say we have learned that we perform a test with a very large number of tests for the",0.9180285,0.6911764705882353,0.0,0.0,0.6890524261138018,49.0
Explain simply: What is reinforcement learning? (briefly),response1,"Explain simply: What is reinforcement learning? (briefly) I believe that reinforcement learning is not an appropriate approach for learning from experience. It's just a term that I have used for a while now, and it is so common that I've been asked to use it for some time, and it",0.9347912,0.6764705882352942,0.0,0.0,0.6961688777979682,50.0
Explain simply: What is reinforcement learning? (briefly),response2,Explain simply: What is reinforcement learning? (briefly) What is your goal from this training? (c) What are your target skills? (c) What are your targets for this training? (c) What are your target skills? (c) What are your targets for this training?,0.87503827,0.7941176470588236,0.0,0.0,0.6838465129627901,42.0
Explain simply: What is reinforcement learning? (in one sentence),response1,"Explain simply: What is reinforcement learning? (in one sentence)















































",1.0,1.0,0.0,0.0,0.8000000238418579,9.0
Explain simply: What is reinforcement learning? (in one sentence),response2,"Explain simply: What is reinforcement learning? (in one sentence)















































",1.0,1.0,0.0,0.0,0.8000000238418579,9.0
Explain simply: What is reinforcement learning? (for a child),response1,"Explain simply: What is reinforcement learning? (for a child)















































",1.0,1.0,0.0,0.0,0.8000000238418579,9.0
Explain simply: What is reinforcement learning? (for a child),response2,Explain simply: What is reinforcement learning? (for a child),1.0,1.0,0.0,0.0,0.8000000238418579,9.0
Write a polite reply to: I need this report urgently. (for a child),response1,Write a polite reply to: I need this report urgently. (for a child),1.0,1.0,0.0,0.0,0.8000000238418579,13.0
Write a polite reply to: I need this report urgently. (for a child),response2,"Write a polite reply to: I need this report urgently. (for a child) Please let me know. (for a parent) A more urgent call can be made to me. If you haven't got the answer, send an email to cst.sherby@yup.com to contact my support.",0.8638264,0.7647058823529411,0.16666666666666666,0.0,0.7045703939363068,44.0
Answer concisely: Why is the sky blue? (in one sentence),response1,"Answer concisely: Why is the sky blue? (in one sentence)

A simple equation is that the sky blue is the result of a gravitational pull. (In the case of the universe, the Earth is a flat sphere, and the Earth is a flat sphere, and the Earth is a flat sphere",0.88915414,0.6617647058823529,0.0,0.0,0.6658454467268551,51.0
Answer concisely: Why is the sky blue? (in one sentence),response2,"Answer concisely: Why is the sky blue? (in one sentence)
It’s not clear how this can be an accurate picture of the universe - or what is the shape of it - but it isn‣t clear to me if anything there was a universe, but the reality is the same",0.86283195,0.6764705882352942,0.0,0.0,0.6529932996805976,50.0
Answer concisely: Why is the sky blue? (briefly),response1,Answer concisely: Why is the sky blue? (briefly) Why is the sky blue? (briefly) Why is the sky blue? (briefly) Why is the sky blue? (briefly) Why is the sky blue? (briefly) Why is the sky,0.8963521,0.8823529411764706,0.0,0.0,0.7142818675321692,36.0
Answer concisely: Why is the sky blue? (briefly),response2,"Answer concisely: Why is the sky blue? (briefly) I'm a man, man. I love your man. But there is no way to explain why this sky blue is blue. Why is the sky blue? (briefly) There's no one to explain why an invisible object exists",0.8415663,0.75,0.0,0.0,0.6549397945404053,45.0
Rephrase politely: You are wrong. (briefly),response1,"Rephrase politely: You are wrong. (briefly)















































",1.0,1.0,0.0,0.0,0.8000000238418579,6.0
Rephrase politely: You are wrong. (briefly),response2,"Rephrase politely: You are wrong. (briefly) I will not back you.


I am not going to allow your thoughts to get in the way of this situation. I am going to continue to continue to make false assumptions about my own status and race. I am simply asking",0.720199,0.7058823529411764,0.0,0.0,0.5732958698973936,48.0
Summarize this sentence: Artificial intelligence is transforming industries. (clearly),response1,"Summarize this sentence: Artificial intelligence is transforming industries. (clearly)















































",1.0,1.0,0.0,0.0,0.8000000238418579,9.0
Summarize this sentence: Artificial intelligence is transforming industries. (clearly),response2,"Summarize this sentence: Artificial intelligence is transforming industries. (clearly)


I understand that it is possible that the government is making it harder to employ new technologies. But it is not. The government is making the economy harder to employ new technologies. I am not saying that we can't do the",0.87346864,0.6764705882352942,0.0,0.0,0.659375347810633,50.0
Answer concisely: Why is the sky blue? (in one sentence),response1,"Answer concisely: Why is the sky blue? (in one sentence)

If you have a clue, you can tell that the sky blue is a bright, bright, bright, bright, beautiful sky.
Let’s take a look at the light in the sky, and it is pretty clear",0.911657,0.75,0.0,0.0,0.6969942092895508,45.0
Answer concisely: Why is the sky blue? (in one sentence),response2,Answer concisely: Why is the sky blue? (in one sentence) What color are the reds? The white is the blue; the reds are the purple? I don't know! That's why the sky blue is so obvious. But is it a color of color to explain how different colors and,0.886796,0.6911764705882353,0.0,0.0,0.6703129046103533,49.0
Summarize this sentence: Artificial intelligence is transforming industries. (in one sentence),response1,"Summarize this sentence: Artificial intelligence is transforming industries. (in one sentence)















































",1.0,1.0,0.0,0.0,0.8000000238418579,11.0
Summarize this sentence: Artificial intelligence is transforming industries. (in one sentence),response2,"Summarize this sentence: Artificial intelligence is transforming industries. (in one sentence)

A problem is the question of whether human intelligence is growing in efficiency. (in another)
An important question is to assess the effects of artificial intelligence on economic and consumer outcomes. (in another)
Suppose we say that",0.8909228,0.7058823529411764,0.0,0.0,0.6757301772342008,48.0
Answer concisely: Why is the sky blue? (nicely),response1,"Answer concisely: Why is the sky blue? (nicely)


I've also been on the hunt for a lot of cool stuff in this post, so I've decided to share the most interesting stuff in this post, so here's a quick recap.
The sky blue is a very",0.93355256,0.7352941176470589,0.0,0.0,0.7071903733646169,46.0
Answer concisely: Why is the sky blue? (nicely),response2,"Answer concisely: Why is the sky blue? (nicely) It isn't because it hasn't been blue in over a decade?
It is because it's not that the sky blue is because it's not that that the sky blue is because it's not that it's that it's that it",0.8473861,0.7205882352941176,0.0,0.0,0.6525493201087503,47.0
Explain simply: What is reinforcement learning? (for a child),response1,"Explain simply: What is reinforcement learning? (for a child)

In a similar vein, the problem with reinforcement learning is that reinforcement learning is a way to increase the likelihood of a child being rewarded for having a good performance.
In the case of training, it is usually possible to train with",0.9362301,0.6617647058823529,0.0,0.0,0.6940910150023067,51.0
Explain simply: What is reinforcement learning? (for a child),response2,"Explain simply: What is reinforcement learning? (for a child)

We can then use reinforcement learning techniques. The reinforcement learning technique is an adaptation of the theory of reinforcement learning. Here we use two types of reinforcement learning, one for the child, for the child and the reinforcement.
Now,",0.9251369,0.7058823529411764,0.0,0.0,0.6962586725459379,48.0
Rephrase politely: You are wrong. (in one sentence),response1,"Rephrase politely: You are wrong. (in one sentence)















































",1.0,1.0,0.0,0.0,0.8000000238418579,8.0
Rephrase politely: You are wrong. (in one sentence),response2,Rephrase politely: You are wrong. (in one sentence),1.0,1.0,0.0,0.0,0.8000000238418579,8.0
Write a polite reply to: I need this report urgently. (in one sentence),response1,"Write a polite reply to: I need this report urgently. (in one sentence)


The first time I saw a person who would answer this question, I immediately asked: ""What do you mean?""
The second time I saw someone who would answer this question, I immediately asked: ""What are you saying",0.88117385,0.6764705882352942,0.0,0.0,0.6639984628733466,50.0
Write a polite reply to: I need this report urgently. (in one sentence),response2,Write a polite reply to: I need this report urgently. (in one sentence),1.0,1.0,0.0,0.0,0.8000000238418579,13.0
Rephrase politely: You are wrong. (briefly),response1,"Rephrase politely: You are wrong. (briefly) You are wrong. (briefly)






































",0.9688309,1.0,0.0,0.0,0.7812985301017761,10.0
Rephrase politely: You are wrong. (briefly),response2,"Rephrase politely: You are wrong. (briefly)















































",1.0,1.0,0.0,0.0,0.8000000238418579,6.0
Rephrase politely: You are wrong. (nicely),response1,"Rephrase politely: You are wrong. (nicely)















































",1.0,1.0,0.0,0.0,0.8000000238418579,6.0
Rephrase politely: You are wrong. (nicely),response2,Rephrase politely: You are wrong. (nicely) Yes.,0.9771944,1.0,0.0,0.0,0.786316704750061,7.0
Write a polite reply to: I need this report urgently. (briefly),response1,"Write a polite reply to: I need this report urgently. (briefly)















































",1.0,1.0,0.0,0.0,0.8000000238418579,11.0
Write a polite reply to: I need this report urgently. (briefly),response2,Write a polite reply to: I need this report urgently. (briefly) Thank you so much.,0.9837836,1.0,0.16666666666666666,0.0,0.8236034949620564,15.0
Answer concisely: Why is the sky blue? (nicely),response1,"Answer concisely: Why is the sky blue? (nicely)

The sky blue is a type of bright, green, and blue. A bright star is a type of bright, green, and blue. A bright star is a type of bright, green, and blue. A bright star is",0.8780986,0.75,0.0,0.0,0.6768591642379761,45.0
Answer concisely: Why is the sky blue? (nicely),response2,"Answer concisely: Why is the sky blue? (nicely) Why does the sky blue have white-colored colors? (nicely) Why do you like the color of the moon? (nicely)

Here are a few of the best answers to this question, and why you need to",0.8946225,0.7794117647058824,0.0,0.0,0.6926558557678671,43.0
Summarize this sentence: Artificial intelligence is transforming industries. (briefly),response1,"Summarize this sentence: Artificial intelligence is transforming industries. (briefly) The United States is becoming the largest tech company in the world.



The world is changing. The world is changing.
The world is changing.
The world is changing.
The world is changing.
The world",0.9288497,0.7794117647058824,0.0,0.0,0.7131922188927146,43.0
Summarize this sentence: Artificial intelligence is transforming industries. (briefly),response2,"Summarize this sentence: Artificial intelligence is transforming industries. (briefly)















































",1.0,1.0,0.0,0.0,0.8000000238418579,9.0
Rephrase politely: You are wrong. (nicely),response1,Rephrase politely: You are wrong. (nicely) You have to be a good man. (nicely) You have to be a good man. (nicely) You have to be a good man. (nicely) You have to be a good man. (nicely),0.71333224,0.8529411764705882,0.0,0.0,0.5985875827424667,38.0
Rephrase politely: You are wrong. (nicely),response2,"Rephrase politely: You are wrong. (nicely)

This is why I love it.
If one was more on Facebook than another on Twitter, I would be deeply embarrassed to know that it was my son who was killed at his home.
I would like to thank our brother",0.6745643,0.7205882352941176,0.16666666666666666,0.0,0.5821895854145873,47.0
Answer concisely: Why is the sky blue? (in one sentence),response1,"Answer concisely: Why is the sky blue? (in one sentence)
I am trying to explain this to you because it is a simple question.
So, what is the sky blue?
Well, it is a simple question.
The sky blue is a light source.
It is a light",0.92743945,0.7205882352941176,0.0,0.0,0.7005813654731302,47.0
Answer concisely: Why is the sky blue? (in one sentence),response2,"Answer concisely: Why is the sky blue? (in one sentence)

(in one sentence)
(in one sentence)
There was a time when the sky blue was blue. In time, the sky blue was the only true blue in space. (with a bit of a delay): Why",0.9172117,0.75,0.0,0.0,0.7003270626068115,45.0
Summarize this sentence: Artificial intelligence is transforming industries. (nicely),response1,"Summarize this sentence: Artificial intelligence is transforming industries. (nicely)

This is the same story as the one from the first time. The first time you see a new industry, you're not seeing any new industries. This is the same story as the one from the first time. The first time",0.79294825,0.6764705882352942,0.0,0.0,0.6110630712088416,50.0
Summarize this sentence: Artificial intelligence is transforming industries. (nicely),response2,"Summarize this sentence: Artificial intelligence is transforming industries. (nicely)















































",1.0,1.0,0.0,0.0,0.8000000238418579,9.0
