Reuters	73
U.N.	35
NEW YORK	30
CHICAGO	30
PUK	25
OSCE	25
EU	23
NATO	22
European Union	20
Honda	20
Interfax	18
Ajax	18
KDP	17
BALTIMORE	17
MINNESOTA	17
BOSTON	16
DETROIT	16
KANSAS CITY	16
SEATTLE	16
CINCINNATI	16
Ajax Amsterdam	16
Marseille	16
Essex	15
TORONTO	15
CLEVELAND	15
TEXAS	15
OAKLAND	15
CALIFORNIA	15
ATLANTA	15
PHILADELPHIA	15
HOUSTON	15
ST LOUIS	15
LOS ANGELES	15
COLORADO	15
SAN FRANCISCO	15
PSV	15
Senate	15
Lens	15
MILWAUKEE	14
MONTREAL	14
FLORIDA	14
PITTSBURGH	14
SAN DIEGO	14
Commonwealth	14
Motorola	14
Yorkshire	13
Lancashire	13
PSV Eindhoven	13
St Pauli	13
Barcelona	13
Leeds	13
Heerenveen	13
Surrey	12
Manchester United	12
Oakland	12
Sydney Newsroom	12
RTRS	12
Benetton	12
Schalke	12
Gencor	12
PKK	12
OB	12
Yamaha	12
Commission	11
London Newsroom	11
Gloucestershire	11
Hampshire	11
Warwickshire	11
Hamburg	11
United Nations	11
Hansa Rostock	11
USDA	11
Bradford	11
Groningen	11
Nantes	11
Auxerre	11
Congress	11
Lloyd 's	11
Blackburn	10
Glamorgan	10
Sion	10
NEC Nijmegen	10
Borussia Dortmund	10
Zenith	10
Wigan	10
Newcastle	10
Hanwha	10
Ssangbangwool	10
LG	10
Monaco	10
Nice	10
Montpellier	10
Fortuna Sittard	10
Fiorentina	10
Barrick	10
Leicestershire	9
Nottinghamshire	9
Worcestershire	9
Orioles	9
Milwaukee	9
New York	9
Yankees	9
NAC Breda	9
Samsung	9
Liverpool	9
St Helens	9
Oldham	9
Guingamp	9
Metz	9
Vitesse Arnhem	9
Volendam	9
Karlsruhe	9
Bayer Leverkusen	9
Cologne	9
Bayern Munich	9
Kawasaki	9
Milan	9
IVAC	9
Rabobank	9
Cofinec	9
Berlex	9
Gazprom	9
Foreign Ministry	8
Gloria Bistrita	8
Kent	8
Sussex	8
Northamptonshire	8
Everton	8
Cincinnati	8
News Corp	8
McLaren	8
Williams	8
RUGBY UNION	8
Nancy	8
Juventus	8
Aberdeen	8
Wimbledon	8
Hyundai	8
Haitai	8
Bastia	8
Lille	8
Graafschap Doetinchem	8
Willem II Tilburg	8
Sparta Rotterdam	8
Utrecht	8
AZ Alkmaar	8
Arminia Bielefeld	8
Borussia Moenchengladbach	8
Werder Bremen	8
Fortuna Duesseldorf	8
Freiburg	8
MDS	8
Ducati	8
Brisbane	8
Feyenoord	8
SPLA	8
CVG	8
SEC	8
Biogen	8
BOJ	8
ISS	8
European Commission	7
Athens Newsroom	7
S&P	7
PLO	7
Durham	7
Seattle	7
Texas	7
Philadelphia	7
Jordan	7
Portsmouth	7
Tranmere	7
Grimsby	7
Paris St Germain	7
Greens	7
CNIEC	7
Crystal Palace	7
Oxford	7
Barnsley	7
Huddersfield	7
Lotte	7
Rennes	7
Strasbourg	7
Lyon	7
Twente Enschede	7
Feyenoord Rotterdam	7
1860 Munich	7
Advanced Medical	7
TVM	7
MFS	7
Hamas	7
Arequipa	7
ACC	7
ND	7
ISS Inc	7
OM	7
Kurdistan Democratic Party	6
Somerset	6
California Angels	6
Toronto	6
Rangers	6
Plymouth	6
Itar-Tass	6
Palestinian Authority	6
U.S. Municipal Desk	6
Organisation for Security and Cooperation in Europe	6
Sauber	6
Ligier	6
Queens Park Rangers	6
Chelsea	6
Boston	6
Porto	6
Benfica	6
Unita	6
IOC	6
Microsoft	6
LME	6
Promodes	6
Ferrari	6
Warrington	6
Norwich	6
Charlton	6
West Bromwich	6
Ipswich	6
Reading	6
Southend	6
Sheffield United	6
Birmingham	6
Stoke	6
Swindon	6
Port Vale	6
Wolverhampton	6
All Blacks	6
Partizan	6
Bordeaux	6
Le Havre	6
Caen	6
Cannes	6
RKC Waalwijk	6
Roda JC Kerkrade	6
VfB Stuttgart	6
ETA	6
Internet Startup	6
St. Louis Cardinals	6
EPR	6
Santos	6
Sudan Airways	6
Supreme Court	6
Brush Wellman	6
Treasury	6
Mapei	6
Collstrop	6
PUNR	6
Banespa	6
Central Bank	6
CDU / CSU	6
SPD	6
FDP	6
PDS	6
Emnid	6
Elect Res	6
Parma	6
Arch	6
Amoco	6
Sakigake	6
ICAC	6
SBC Warburg	6
Ford	5
Chemlon Humenne	5
Ruch Chorzow	5
Brann	5
Hearts	5
Red Star	5
Seattle Mariners	5
Cincinnati Reds	5
Baltimore	5
California	5
Chicago	5
St Louis	5
Montreal	5
Cleveland	5
Mariners	5
Oakland Athletics	5
Grasshoppers	5
OJ	5
Best	5
Anyang	5
Puchon	5
Suwon	5
Chonan	5
NBH	5
Moody 's Investors Service	5
interior ministry	5
Security Council	5
Ballybunion	5
Missionaries of Charity	5
Moscow Newsroom	5
Middlesbrough	5
Detroit	5
Sporting	5
Legia Warsaw	5
State Department	5
Patriotic Union of Kurdistan	5
Merrill Lynch	5
Mitsubishi	5
Tyrrell	5
London	5
Arsenal	5
Bolton	5
Manchester City	5
Bristol City	5
Blackpool	5
Preston	5
Swansea	5
Lincoln	5
JavaSoft	5
Atlanta Braves	5
Chicago Cubs	5
Florida Marlins	5
San Francisco Giants	5
Middlesex	5
Sao Paulo	5
Atletico Madrid	5
Zastava	5
Tass	5
LTTE	5
Tankan	5
Palmans	5
Faulding	5
Interpol	5
Bamerindus	5
ABC	5
Telekom	5
Atletico	5
Genoa	5
PSG	5
GPG	5
PULPEX	5
Xinhua	4
CME	4
Le Monde	4
NCB	4
Agriculture Ministry	4
Celtic	4
United	4
Ferencvaros	4
Bahia	4
Juventude	4
ORIOLES	4
Baltimore Orioles	4
New York Yankees	4
Florida	4
Pittsburgh	4
Texas Rangers	4
Cleveland Indians	4
Red Sox	4
Tigers	4
Chicago White Sox	4
White Sox	4
Toronto Blue Jays	4
Milwaukee Brewers	4
OFFICIAL JOURNAL	4
EC	4
Chonnam	4
Pohang	4
Pusan	4
Chonbuk	4
EgyptAir	4
Moody 's	4
RBA	4
Detroit Tigers	4
Ekeren	4
Molenbeek	4
Taibe	4
Kurdistan Workers Party	4
Liberation Tigers of Tamil Eelam	4
SOLIDERE	4
Americast	4
Dutch PTT	4
ING	4
Niugini	4
Arrows	4
Paris	4
Workington	4
Halifax	4
Castleford	4
Sheffield Wednesday	4
Sunderland	4
Coventry	4
Aston Villa	4
Tottenham	4
Southampton	4
Brentford	4
Luton	4
Burnley	4
Walsall	4
Chesterfield	4
Bury	4
Peterborough	4
Crewe	4
Rotherham	4
Shrewsbury	4
Stockport	4
Notts County	4
Watford	4
Millwall	4
Wrexham	4
Wycombe	4
Gillingham	4
York	4
Bournemouth	4
Barnet	4
Cardiff	4
Brighton	4
Carlisle	4
Hull	4
Chester	4
Cambridge	4
Darlington	4
Exeter	4
Scarborough	4
Hartlepool	4
Fulham	4
Hereford	4
Doncaster	4
Leyton Orient	4
Northampton	4
Mansfield	4
Rochdale	4
Colchester	4
Scunthorpe	4
Torquay	4
Amica Wronki	4
Hutnik Krakow	4
Sokol Tychy	4
Lech Poznan	4
Slask Wroclaw	4
Odra Wodzislaw	4
GKS Katowice	4
GKS Belchatow	4
Bochum	4
VfL Bochum	4
MSV Duisburg	4
IRNA	4
House	4
Interior Ministry	4
Jiul Petrosani	4
Adelaide	4
Collingwood	4
West Coast	4
Melbourne	4
Richmond	4
Fitzroy	4
Carlton	4
Footscray	4
Essendon	4
Sydney	4
St Kilda	4
Hawthorn	4
Fremantle	4
North Melbourne	4
Geelong	4
Sydney Bulldogs	4
South Queensland	4
Gold Coast	4
North Sydney	4
South Sydney	4
Illawarra	4
Penrith	4
St George	4
North Queensland	4
Manly	4
Western Suburbs	4
Parramatta	4
Sydney Tigers	4
Western Reds	4
Canberra	4
Auckland	4
San Diego Padres	4
Colorado Rockies	4
Pittsburgh Pirates	4
Los Angeles Dodgers	4
Philadelphia Phillies	4
Montreal Expos	4
Houston Astros	4
Neuchatel	4
DKBA	4
Labour	4
BNP	4
IMED	4
U.S. Treasury	4
Braves	4
House of Representatives	4
Mostostal	4
Repsol	4
Securities and Exchange Commission	4
MOODY 'S	4
ARC	4
Reform Party	4
O Globo	4
Amtrak	4
AOL	4
Allensbach	4
U.S. Postal	4
Escravos	4
TWA	4
INA	4
MQM	4
WSRL	4
New Democracy	4
Khmer Rouge	4
Volkswagen AG	3
Likud	3
Mujahideen Khalq	3
Paris Newsroom	3
Finance Ministry	3
Atletico Paranaense	3
Corinthians	3
Guarani	3
Coritiba	3
Atletico Mineiro	3
Cruzeiro	3
Vitoria	3
Flamengo	3
Goias	3
Sport Recife	3
Gremio	3
Bragantino	3
Palmeiras	3
Vasco da Gama	3
Portuguesa	3
Parana	3
New York Mets	3
Galatasaray	3
Cagliari	3
Servette	3
UEFA	3
Sofia Newsroom	3
Journal	3
In Home Health	3
U.S. District Court	3
CBI	3
Ulsan	3
ECOMOG	3
UNITED NATIONS	3
Air Cargo Newsroom	3
Paribas	3
Aegon	3
The Times	3
East Stirling	3
Albion	3
OLYMPIAKOS	3
World XI	3
National Assembly	3
Reuters Toronto Bureau	3
CNR	3
New York Stock Exchange	3
Royal Oak	3
Lockhart	3
Frankfurt Newsroom	3
Companion Marble	3
Ltd	3
Softbank	3
Metro	3
Toyota	3
Minardi	3
Sheffield	3
Derbyshire	3
Raith	3
Motherwell	3
Dundee	3
Derby	3
Leicester	3
Nottingham Forest	3
West Ham	3
Bristol Rovers	3
Springboks	3
Rakow Czestochowa	3
Stomil Olsztyn	3
Wisla Krakow	3
Gornik Zabrze	3
Polonia Warsaw	3
Zaglebie Lubin	3
LKS Lodz	3
Philippine Basketball Association	3
AJAX	3
Standard Liege	3
Anderlecht	3
Lokeren	3
Cercle Brugge	3
Mouscron	3
Antwerp	3
Lommel	3
Ghent	3
Aalst	3
Lierse	3
Charleroi	3
Sint Truiden	3
Stuttgart	3
FC Linz	3
GAK	3
Austria Vienna	3
Admira / Wacker	3
Sturm Graz	3
Linzer ASK	3
FC Tirol Innsbruck	3
SV Salzburg	3
SV Ried	3
Socialist Party	3
FBI	3
ANSA	3
Husqvarna	3
KTM	3
Widzew Lodz	3
Dinamo Bucharest	3
Minnesota Twins	3
BRAVES	3
Marlins	3
Setubal	3
Braga	3
St Gallen	3
National Party	3
La Jornada	3
Yedioth Ahronoth	3
Implats	3
Internacional	3
Botafogo	3
Formula Shell	3
ATP	3
BARCELONA	3
Provisional Election Commission	3
Interacciones	3
Republican Party	3
Stork	3
Bank of France	3
Tamil Tiger	3
Minnesota	3
American Stock Exchange	3
National Election Commission	3
Eletropaulo	3
Democratic Party	3
FIS	3
VNU	3
Mentmore Abbey	3
San Diego	3
Olympiakos	3
Roma	3
Pescara	3
Lecce	3
Bayern	3
Duisburg	3
Dream Team	3
COMEX	3
CBSA	3
ENAP	3
Oriente	3
La Voie	3
Gazeta Wyborcza	3
UES	3
First Union	3
VW	3
Bank of Japan	3
Equitas	3
Stagecoach	3
Aaxis	3
EEC	3
FFK	3
Housecall	3
OM Gruppen	3
Kekkila	3
T&N	3
Daewoo Corp	3
Selection Committee	3
Lenzing	3
BBC radio	2
People 's Daily	2
Seat	2
Porsche	2
BAYERISCHE VEREINSBANK	2
Israel Radio	2
KDPI	2
AN-NAHAR	2
AS-SAFIR	2
AL-ANWAR	2
AD-DIYAR	2
NIDA'A AL-WATAN	2
Lehman	2
Statoil	2
Bank of Finland	2
Helsinki Newsroom	2
ZDF	2
Boland	2
AEK Larnaca	2
Nyva Vinnytsya	2
Shelbourne	2
Olimpija	2
RAF Riga	2
Varteks Varazdin	2
Dynamo	2
Constructorul	2
Kispest Honved	2
IFK Gothenburg	2
Indians	2
Angels	2
Royals	2
Twins	2
HCFA	2
MIT	2
Prague Newsroom	2
Shining Path	2
Palestinian Information Ministry	2
U.N. Security Council	2
Interbank	2
NSDAP-AO	2
UN	2
United Nations General Assembly	2
RBI	2
News	2
Harper-Collins	2
BNZ	2
Ka Wah Bank	2
Hong Kong Newsroom	2
Indonesian Democratic Party	2
International Monetary Fund	2
Gazeta Shqiptare	2
Daily Variety	2
WARWICKSHIRE	2
Espinho	2
JORNAL DE ANGOLA	2
UN Security Council	2
Primedia	2
Distillers	2
Iscor	2
McCarthy	2
Imphold	2
M&R	2
JD Group	2
Unitog Co	2
American Airlines	2
TBN	2
Hapoel Taibe	2
Betar Jerusalem	2
Dublin Newsroom	2
Rapid Vienna	2
News Agency of Nigeria	2
HINA	2
Russian Weather Service	2
Tanjug	2
Finance	2
Jordanian Arab Socialist Baath Party	2
Anatolian	2
Continental	2
Reuter London Newsroom	2
BSM	2
Microsoft Corp.	2
SunGard	2
Amsterdam Newsroom	2
Boskalis	2
Liberal Party	2
Toyota Australia	2
Niugini Mining Ltd	2
Battle Mountain	2
Orii	2
Orii Corp	2
State Planning Commission	2
BME	2
Holdings	2
Kingston	2
Subaru	2
Hibernian	2
Dunfermline	2
Kilmarnock	2
Dundee United	2
Airdrieonians	2
East Fife	2
Clydebank	2
Stirling	2
Partick	2
St Mirren	2
St Johnstone	2
Berwick	2
Stenhousemuir	2
Brechin	2
Ayr	2
Hamilton	2
Clyde	2
Dumbarton	2
Stranraer	2
Livingston	2
Alloa	2
Arbroath	2
Cowdenbeath	2
Forfar	2
Inverness	2
Ross County	2
Queen 's Park	2
Wednesday	2
Cukaricki	2
Hajduk	2
Becej	2
Borac	2
Mladost (L)	2
Zemun	2
Rad	2
Vojvodina	2
Proleter	2
Sutjeska	2
Sloboda	2
Loznica	2
Obilic	2
OFK Kikinda	2
Spartak	2
Buducnost (V)	2
OFK Beograd	2
Mladost (BJ)	2
Rudar	2
Alaska Milk	2
Ginebra San Miguel	2
Paris Saint-Germain	2
Rapid Wien	2
Nijmeh	2
Nasr	2
PSA	2
Red Cross	2
China Daily	2
Resalat	2
Basque Homeland and Freedom	2
Bessemer	2
VeriSign	2
Sun Microsystems	2
Suzuki	2
A.S. Bacau	2
Ceahlaul Piatra Neamt	2
Otelul Galati	2
F.C. Arges Dacia Pitesti	2
F.C. Farul Constanta	2
Sportul Studentesc	2
Universitatea Craiova	2
F.C. Petrolul Ploiesti	2
Politehnica Timisoara	2
F.C. Brasov	2
F.C. National Bucharest	2
Universitatea Cluj	2
Rapid Bucharest	2
Steaua Bucharest	2
Alaniya Vladikavkaz	2
Zhemchuzhina Sochi	2
Baltika Kaliningrad	2
Zenit St Petersburg	2
Chernomorets Novorossiisk	2
Rostselmash Rostov	2
Lokomotiv Moscow	2
Torpedo Moscow	2
Rotor Volgograd	2
Dynamo Moscow	2
CSKA Moscow	2
Kamaz Naberezhnye Chelny	2
Lada Togliatti	2
Spartak Moscow	2
Krylya Sovetov Samara	2
Lokomotiv Nizhny Novgorod	2
Uralmash Yekaterinburg	2
Sydney City	2
Cronulla	2
Boston Red Sox	2
Kansas City Royals	2
CUBS	2
Reds	2
FIORENTINA	2
Boca Juniors	2
Tromso	2
Kongsvinger	2
Valerenga	2
Skeid	2
Stabaek	2
Stromsgodset	2
Molde	2
Bodo / Glimt	2
Viking	2
Moss	2
Start	2
Rosenborg	2
Lillestrom	2
MSV Duisberg	2
Aarau	2
Young Boys	2
Grasshopper	2
Lucerne	2
Lugano	2
Basle	2
Genk	2
Club Brugge	2
Harelbeke	2
Mechelen	2
Press Trust of India	2
Truth and Reconciliation Commission	2
Popular Revolutionary Army	2
KNU	2
Towers Perrin	2
Awami League	2
Bangladesh Nationalist Party	2
Ingwe	2
Philip Morris	2
Nyva Ternopil	2
Inter Bratislava	2
Slovan Bratislava	2
Tatran Presov	2
Artmedia Petrzalka	2
JAS Bardejov	2
DAC Dunajska Streda	2
Spartak Trnava	2
Dukla Banska Bystrica	2
FC Nitra	2
MSK Zilina	2
FC Kosice	2
Petrimex Prievidza	2
FC Rimavska Sobota	2
Lokomotiva Kosice	2
Kerametal Dubnica	2
Stadler	2
Haladas	2
MTK	2
Bekescsaba	2
BVSC	2
Csepel	2
ZTE	2
Debrecen	2
Siofok	2
Vac	2
Vasas	2
Kispest	2
Pecs	2
Videoton	2
Petra Drnovice	2
Slovan Liberec	2
SK Slavia Praha	2
SK Ceske Budejovice	2
FK Jablonec	2
Viktoria Zizkov	2
Banik Ostrava	2
FK Teplice	2
Boby Brno	2
Sigma Olomouc	2
FC Bohemians	2
FC Karvina	2
SK Hradec Kralove	2
Kaucuk Opava	2
Viktoria Plzen	2
AC Sparta Praha	2
Atlante	2
Atlas	2
Cruz Azul	2
Leon	2
Guadalajara	2
America	2
Monterrey	2
Veracruz	2
Pachuca	2
Toluca	2
Puebla	2
UNAM	2
Morelia	2
UAG	2
Neza	2
Fluminense	2
Dodgers	2
Padres	2
Astros	2
Cardinals	2
AC Milan	2
Real Madrid	2
PEC	2
Dnevi Avaz	2
SDA	2
Security Ministry	2
Bancomext	2
Banco de Mexico	2
New Zealand Press Association	2
Radio New Zealand	2
Northcote College	2
SIMEX Brent	2
IPE	2
Singapore Newsroom	2
Metro Holdings	2
PDI	2
Karachi Stock Exchange	2
KSE	2
Marion County Board of Education	2
A.G. Edwards & Sons, Inc	2
Washington Post	2
Assembly	2
Atria	2
Belga	2
Costain	2
Earth First	2
YANKEES	2
Foreldorado	2
Aki	2
WorldCom Inc	2
MFS Communications Co Inc	2
WorldCom	2
CBOE	2
Pacific Stock Exchange	2
Faulding Inc	2
Catholic Information Office	2
Sidor	2
Radical Cause	2
Matahari	2
Eau Claire	2
GAN	2
The Statesman	2
Islamic Salvation Front	2
Nepali Congress	2
UML	2
Penn Treaty	2
Penn Treaty American Corp	2
New York Newsdesk	2
America Online	2
Bertelsmann	2
Swiss Bank Corp	2
DBRS	2
Transkaryotic Therapies Inc	2
Forsa	2
British Data Management	2
Tokyo Commodities Desk	2
Saskatchewan Wheat Pool	2
SWP	2
MX Onda	2
Rugby Football Union	2
Pirates	2
Western Province	2
Alba	2
Dinamo	2
Hapoel Beit She'an	2
Los Angeles	2
Atlanta	2
Empoli	2
Cesena	2
Udinese	2
Cremonese	2
Cosenza	2
Fidelis Andria	2
Piacenza	2
Sampdoria	2
Leverkusen	2
FDA	2
Fed	2
Federal Reserve	2
New York Commodities	2
New York Energy Desk	2
Sky	2
CAF	2
Le Populaire	2
State Council	2
CRP	2
ASUU	2
CVRD	2
Eksportfinans	2
Suedwest LB	2
CNN	2
American Names Association	2
U.S. Court of Appeals	2
Eva Tremila	2
Gente	2
Swebus	2
Swebus AB	2
Newcrest	2
Democratic National United Movement	2
LDP	2
Liu Chong Hing	2
EL PAIS	2
EL MUNDO	2
DIARIO 16	2
CINCO DIAS	2
EXPANSION	2
GACETA DE LOS NEGOCIOS	2
DHA	2
MG-Technogym	2
ZIFA	2
OCEI	2
Star magazine	2
University of Pennsylvania	2
Cargill	2
Cargill Inc	2
Conference Board	2
SoCal Edison	2
Sierra Semiconductor Corp	2
Sierra	2
PMC-Sierra	2
International Business Machines Corp	2
Oasis	2
Slough Estates	2
Slough	2
Petra	2
Keane	2
NBA	2
Civil War Conservation Corps	2
RMT	2
Audi	2
Daewoo	2
Dacom	2
Dacom International	2
Daewoo Information	2
Singapore Refining Company	2
SRC	2
CDU	2
Welsh National Farmers ' Union	1
NFU	1
Shen	1
Reuters Television	1
Association for Relations Across the Taiwan Straits	1
Federal office for motor vehicles	1
Opel AG	1
General Motors	1
BayerVB	1
Venantius	1
Lehman Brothers International	1
VENANTIUS AB	1
3M	1
Lloyds Shipping	1
Lloyds Shipping Intelligence Service	1
Channel Two	1
Kurdistan Democratic Party of Iran	1
Resistance	1
Iraqi Kurdish Patriotic Union of Kurdistan	1
International Red Crescent	1
Aerostan	1
Liberal Democratic party	1
Duma	1
THAWRA	1
Hizbollah	1
Maronite	1
KinderCare Learning Centers Inc	1
SNET	1
Southern New England Telecommunciations Corp	1
Southern New England	1
Wall Street bureau	1
Gateway Data Sciences	1
Consolidated Financial Data	1
FLNC	1
Bally	1
France Telecom	1
Den Norske Stats Oljeselskap AS	1
Status Weekly	1
National Customs Board	1
GLORIA BISTRITA	1
F.C. VALLETTA	1
F.C. Valletta	1
F.C. La Valletta	1
Cheveley Park Stud	1
BLACKBURN	1
Glasgow Rangers	1
BOLAND	1
Flamurtari Vlore	1
Llansantffraid	1
Kotaik Abovyan	1
Kareda Siauliai	1
Tallinna Sadam	1
Nyva	1
Levski Sofia	1
US Luxembourg	1
Havnar Boltfelag	1
Batumi	1
Dynamo Batumi	1
Sparta Prague	1
Glentoran	1
Sparta	1
Red Star Belgrade	1
Hapoel Ironi	1
Chisinau	1
MyPa-47	1
Karabach Agdam	1
Mypa-47	1
Sloga Jugomagnat	1
Add Hapoel Ironi	1
Constructorul Chisinau	1
Rishon	1
Constructorol	1
FERENCVAROS	1
Daily Telegraph	1
INDIANS	1
Athletics	1
Inter Milan	1
In Home Health Inc	1
U.S. Federal District Court	1
Health Care Financing Administration	1
Chicago Newsdesk	1
Oppenheimer Capital	1
Oppenheimer Capital LP	1
Best Products Co	1
Lancet	1
Confederation of British Industry	1
Oxford University	1
Journal of the Royal College of Physicians	1
British Heart Foundation	1
Lichtwer Pharma GmbH	1
Overseas Development Administration	1
ULIMO-J	1
Economic Community of West African States	1
Organisation of the Islamic Conference	1
OIC	1
Duff & Phelps	1
IBCA	1
Thomson BankWatch	1
Japan Credit Rating Agency	1
Czech National Bank	1
CNB	1
OSLOBODJENJE	1
Bosnian Association for Refugees and Displaced Persons	1
DNEVNI AVAZ	1
Coast Guard	1
Navy	1
Steel Industry Center	1
Buenos Aires Newsroom	1
Jungle Command	1
PA	1
Columbia University	1
Ihlas	1
National Islamic Front	1
Isbank	1
Cukurova	1
Istanbul Newsroom	1
Miss Universe Inc.	1
Miss Venezuela Organisation	1
Miss Universe Inc	1
National Socialist German Workers ' Party Foreign Organisation	1
NS Kampfruf	1
National Socialist Battle Cry	1
Department of Humanitarian affairs	1
Algeria TV	1
ADV	1
House of Commons	1
Criminal Investigation Department	1
Dhaka Stock Exchange	1
DSE	1
National Bank	1
Eastern Cables	1
Apex Tannery	1
Reserve bank of India	1
Reserve Bank of India	1
News Corp Ltd	1
Fox Broadcasting	1
First Pacific	1
Asian Star TV	1
The Sun	1
TV Guide	1
Reserve Bank of Australia	1
Coalition	1
Bank of New Zealand	1
Power NZ ODV	1
Power New Zealand	1
Ministry of Commerce	1
Correction Department	1
Tokyo Soir	1
Tokyo Soir Co Ltd	1
HSBC Markets	1
Hong Kong Interbank	1
Hong Kong Central Moneymarkets Unit	1
Bernama	1
Super Indah Makmur	1
PT VDH Teguh Sakti	1
Van Der Horst	1
Bank Duta	1
Ciputra Development	1
Council of Europe	1
Western European Union	1
State Customs Committee	1
Viacom	1
Paramount Pictures	1
Paramount	1
Springbok	1
Northern Transvaal	1
SPORTING	1
SC Espinho	1
Lisbon	1
ST PAULI	1
PORTO	1
Bremen	1
Dortmund	1
AEK	1
PAO	1
x-AEK Athens	1
x-Olympiakos	1
x-PAO	1
Lyngby	1
x-Club Brugge	1
Casino Graz	1
Besiktas	1
Alania Vladikavkaz	1
x-Anderlecht	1
x-Cercle Brugge	1
Brann Bergen	1
Government of National Unity and Reconciliation	1
SC	1
Ulster Petroleums Ltd	1
TVX Gold Inc	1
Kinross Gold Corp	1
Scorpion Minerals Inc	1
TVX	1
Kinross	1
Scorpion	1
Barrington Research Associates Inc	1
Property Capital	1
Property Capital Trust	1
Securities and Exchnage Commission	1
Berkshire Hathaway Inc	1
AMR Corp	1
Department of Transportation	1
AMR	1
Federal Aviation Administration	1
American	1
Avianca	1
ACES	1
Konpolis	1
KPC	1
Petrobulk Rainbow	1
Honam	1
Port Christine	1
Stentex	1
Kpaitan Stankov	1
Hess	1
AP Moller	1
BP	1
Tiber	1
Stinnes	1
Tenacity	1
SKS Tana	1
Northsea Chaser	1
Jomo	1
Sibonina	1
Marubeni	1
Neptune Crux	1
Sietco	1
World Bridge	1
Fulmar	1
LG Caltex	1
Hemina	1
Eleusis	1
UKCM	1
Betar	1
Hebrew University	1
Football Association of Ireland	1
F.A.I.	1
Fenerbahce	1
NAN	1
Rally for the Return of Refugees and Democracy in Rwanda	1
RDR	1
Hina	1
National Bank of Hungary	1
PAP	1
Interior	1
Amazon Affairs Department	1
Foreign Affairs	1
Trade and Industry	1
Chesapeake Police Department	1
WBUR-FM	1
Lufthansa	1
Lufthansa Cargo AG	1
Deutsche Lufthansa AG	1
Lufthanseat	1
WSC-India	1
Weather Services Corporation	1
U.S. State Department	1
Kathmandu Post	1
Bundesbank	1
Paribas Capital Markets OTC	1
International Bonds	1
Goldman Sachs	1
Goldman Sachs & Co Wertpapier GmbH	1
Continental AG	1
Goldman Sachs & Co	1
Beirut Secondary Market	1
Beirut Stock Exchange	1
Ciments Libanais	1
Ciments Blancs	1
Eternit	1
Uniceramic	1
The Walt Disney Co	1
Networks Services Division	1
Disney	1
Ameritech Corp.	1
BellSouth Corp.	1
GTE Corp.	1
SBC Communications	1
Southern New England Telecommunications Corp.	1
LG Electronics Inc.	1
Kalf, Voorhis & Co	1
Natural Law Party	1
The Natural Law Party	1
Times of London	1
Giga Information Group	1
Gartner Group	1
Symantec Corp.	1
Touchstone Software Corp.	1
PC Data Inc	1
U.S. Department of Health and Human Services	1
Arkansas State Police	1
F.B.I.	1
Bureau of Alcohol, Tobacco and Firearms	1
EVEREN Securities Inc	1
Royal Oak Mines Inc	1
EVEREN	1
Reuters Chicago Newsdesk	1
CheckFree	1
SunGard Shareholder Systems Inc	1
SunGard Data Systems Inc	1
Securities Products Business	1
CheckFree Corp	1
Alpha Techs	1
Alpha Technologies Group Inc	1
Lockhart Industries Inc	1
Koninklijke PTT Nederland NV	1
PTT	1
Koninklijke Boskalis Westminster NV	1
Deutsche Bahn	1
Deutsche Bahn AG	1
New Scientist	1
Moss Landing Marine Laboratories	1
U.S. Navy	1
Australia Senate	1
Telstra	1
Australian Democrats	1
Labor Party	1
Battle Mountain Gold	1
Lihir	1
Niugini Mining	1
Yonsei University	1
China National Nonferrous Metals Import and Export Corp	1
London Metal Exchange	1
Bloomsbury Minerals Economics	1
Sumitomo Corp	1
Sumitomo	1
Companion Building Material	1
Stock Exchange	1
Hong Kong News Room	1
Softbank Corp	1
Kingston Technology Co	1
Shanghai Post and Telecomm	1
Shanghai Posts and Telecommunications Equipment Co	1
Spar AG	1
Les Echos	1
Rothschild & Cie	1
Rewe	1
Lidl	1
Specia	1
Dia	1
Aldi	1
IRISH INDEPENDENT	1
Irish Permanent	1
Irish Navy	1
Air Corps	1
Irish Department of Enterprise and Employment	1
Taylor Asset Managers	1
Ivernia	1
Minorco	1
CRH	1
Tilcon Inc	1
IRISH TIMES	1
Dunnes Stores	1
Ford China	1
Ford Motor Co	1
Jiangling Motors Corp	1
China Securities	1
Jiangling Motors Group	1
ESSEX	1
Notts	1
Greenock Morton	1
Falkirk	1
Queen of the South	1
Monstrose	1
NEWCASTLE	1
Tottenham Hotspur	1
Queen 's Park Rangers	1
Buducnost (P)	1
Buducnost	1
Radnicki (N)	1
Zeleznik	1
Radnicki	1
Purefoods Hotdogs	1
Shell	1
Belenenses	1
Boavista	1
NAC	1
Action Against Hunger	1
Public Service Commission	1
PSC	1
Public Service Association	1
Public Service, Labour and Social Welfare	1
al-Ingaz al-Watani	1
National Democratic Alliance	1
Zeri i Popullit	1
Islamic Revolutionary Court	1
Golden Crescent	1
Movement of Socialist Democrats	1
JUMHOURIYA	1
QADISSIYA	1
BABEL	1
National Hurricane Center	1
IFOR	1
Bild am Sonntag	1
Northern League	1
Justice	1
El-Watan	1
Human Rights National Observatory	1
El Mundo	1
Centre for Sociological Studies	1
CIS	1
Popular Party	1
PP	1
Jamaat-i-Islami	1
Sun Microsystems Inc.	1
Bessemer Venture Partners	1
RSA Data Security	1
Security Dynamics Technologies Inc.	1
Apple Computer Inc.	1
Oracle Systems	1
Kleiner Perkins Caufield & Byers	1
Kleiner Perkins	1
International Business Machines Corp.	1
Apple	1
PSI Net	1
Individual	1
Husaberg	1
TM	1
Crvena zvezda	1
Zelesnik	1
Widzew	1
Polonia Warszawa	1
Odra	1
Chindia Tirgoviste	1
F.C. Chindia Tirgoviste	1
Tekstilshik Kamyshin	1
Tekstilshchik Kamyshin	1
ANGELS	1
Triple-A Columbus	1
FC Porto	1
Guimaraes	1
Gil Vicente	1
MILAN	1
St.	1
Lausanne	1
Zurich	1
GRONINGEN	1
RKC	1
Waalwijk	1
Roda JC	1
ANP	1
Board of Control for Cricket in India	1
United News of India	1
NZPA	1
AFL	1
African National Congress	1
ANC	1
Freedom Front	1
University of the Witwatersrand	1
ERP	1
Mexican Army	1
Zapatista	1
Revolutionary Armed Forces of Colombia	1
FARC	1
Democratic Karen Buddhist Army	1
Karen National Union	1
JORDAN TIMES	1
AL RAI	1
AD DUSTOUR	1
AL ASWAQ	1
HAARETZ	1
Bank of Israel	1
YEDIOTH AHRONOTH	1
MAARIV	1
JERUSALEM POST	1
Yedioth	1
Federal Bureau of Investigation	1
Kabul Radio	1
Supreme Coordination Council alliance	1
Jumbish-i-Milli	1
Hezb-i-Islami	1
Janakantha	1
Mironivka Wheat Institute	1
Ukrainian Academy of Agrarian Sciences	1
Mironivka	1
Gencor Ltd	1
Impala Platinum Holdings Ltd	1
Impala	1
Ingwe Coal Corporation Ltd	1
Lonrho Plc	1
Malbak Ltd	1
Malbak	1
IVAC Medical	1
Advanced Medical Inc.	1
IVAC Medical Systems Inc.	1
Eli Lilly & Co	1
IMED Corp.	1
Eli Lilly	1
DLJ Merchant Banking Partners LP	1
River Medical Inc.	1
Mallinckrodt Group Inc	1
ST HELENS	1
London Broncos	1
LEEDS	1
Greenock	1
Morton	1
Falkir	1
Queen of the	1
South	1
Montrose	1
FIFA	1
Dynamo Kiev	1
Kremin Kremenchuk	1
Vorskla Poltava	1
Torpedo Zaporizhya	1
Shakhtar Donetsk	1
Kryvbas Kryvy Rig	1
Karpaty Lviv	1
Prykarpattya Ivano-Frankivsk	1
Zirka-Nibas Kirovohrad	1
Chornomorets Odessa	1
Metalurg Zaporizhya	1
Dnipro Dnipropetrovsk	1
CSKA Kiev	1
Vorskla	1
Dnipro	1
Chornomorets	1
Shakhtar	1
Metalurg	1
Karpaty	1
Zirka-Nibas	1
Torpedo	1
Tavria	1
CSKA	1
Kryvbas	1
Prykarpattya	1
Kremin	1
NTV	1
Videoton(*	1
Ujpest	1
Ujpest TE	1
FTC	1
Gyor	1
III.ker.TVE	1
Parmalat / Fehervar FC	1
Necaxa	1
Celaya	1
Sao Paulo-Santos	1
Estudiantes	1
Ferro Carril Oeste	1
Independiente	1
Gimnasia-Jujuy	1
Platense	1
Huracan	1
Lanus	1
Huracan-Corrientes	1
Union	1
Newell 's Old Boys	1
Velez Sarsfield	1
Racing Club	1
Rosario Central	1
River Plate	1
Gimnasia-La Plata	1
San Lorenzo	1
Banfield	1
Deportivo Espanol	1
Colon	1
Cricuma	1
Criciuma	1
Widad Fes	1
Oujda	1
Raja Casablanca	1
Tetouan	1
Jeunesse Massira	1
Widad Casablanca	1
Sporting Sale	1
Meknes	1
Settat	1
Marrakesh	1
Khouribga	1
Mohammedia	1
Sidi Kacem	1
Royal Armed Forces	1
El Jadida	1
Hassania Agadir	1
USTA	1
Castilla	1
Colorado	1
Giants	1
Internazionale	1
ATLETICO	1
NOTICIAS	1
Noticias	1
Lamonts Apparel	1
Lamonts Apparel Inc	1
Lamonts	1
Emeraud	1
Yugo Zastava	1
Belgrade Newsroom	1
Zagreb Money Market	1
Zagreb Newsroom	1
SVCD Bulgaria	1
Bulatka	1
Balkan Airlines	1
Mostostal Z	1
Mostostal Zabrze Holding SA	1
Polish Development Bank	1
PBR	1
Warsaw Newsroom	1
Civil Defence and Coast Guard	1
Public Transport Corporation	1
Brent	1
Singapore International Monetary Exchange	1
SIMEX	1
International Petroleum Exchange	1
First Capital Corp	1
U.S. Senate Intelligence Committee	1
Defence	1
Defence and Aviation	1
Saudi Press Agency	1
Pentagon	1
Alcan	1
Noranda	1
RSR	1
Doe Run	1
ASARCO	1
Parkway Middle School	1
Broward County Sheriff 's Office	1
Gingrich / Dole Congress	1
Gingrich Congress	1
Dole White House	1
Handgun Control Inc.	1
Air Force	1
Indian Oil Corp	1
Environment Canada	1
Brush Wellman Inc	1
New York Times	1
Cleveland Newsdesk	1
Salomon	1
Salomon Brothers	1
Diamond Shamrock Inc	1
Sun Co	1
Tosco Corp	1
Total Petroleum (North America) Ltd	1
Valero Energy Corp	1
WesBanco Bank	1
Steptoe & Johnson	1
Ferris, Baker Watts, Inc.	1
J.J. KENNY	1
OHIO BUILDING AUTHORITY	1
Goldman, Sachs & Co	1
Banc One Capital Corporation	1
S.B.K- Brooks Investment Corp	1
Seasongood & Mayer	1
The Washington Post	1
Sidwell Friends School	1
IHC Caland	1
IHC	1
Nutricia	1
Fokker Aviation	1
Europe 1	1
European Court of Human Rights	1
RABOBANK	1
Rabobank Nederland BA	1
LE MONDE	1
Ipsos	1
SNCF	1
ATRIA	1
Atria Oy	1
Chart Thai	1
Fontaine	1
Fontaine Co Ltd	1
International Philippine	1
United Coconut Associations of the Philippines	1
Aronkasei	1
Nomura Research Institute Ltd	1
Aronkasei Co Ltd	1
Nomura	1
LA PRESSE	1
LE TEMPS	1
United Nations Special Commission	1
UNSCOM	1
Lebanon First	1
Lebanese Association for the Democracy of Elections	1
THE TIMES	1
Eurobourses	1
wall Street	1
U.S. Treasuries	1
Treasuries	1
Fahnestock & Co	1
Iraqi Community Association	1
Tarmac Plc	1
Costain Group Plc	1
Hanson Plc	1
Hanson	1
Building	1
Berkshire Wood Elves	1
The Land is Ours	1
Alarm UK	1
Road Alert	1
Construction Industry Council	1
UBS	1
Tarmac	1
Jakarta Post	1
Bank Indonesia	1
RAITH ROVERS	1
Raith Rovers	1
Raith Rovers FC	1
MANCHESTER CITY	1
City	1
Board	1
Bristol	1
Rovers	1
Romanian Soccer Federation	1
GIANTS	1
PHILLIES	1
Phillies	1
Houston	1
MARSEILLE	1
AUXERRE	1
NEUCHATEL	1
Neuchatel Xamax	1
US Postal	1
COFINEC	1
Cofinec S.A.	1
ING Barings	1
ABN-AMRO Hoare Govett	1
Krpaco a.s.	1
Krpaco	1
PSE	1
Prague Stock Exchange	1
AGROTONZ TLUMACOV	1
AVIA	1
BARUM HOLDING	1
CESKA SPORITELNA	1
CKD PRAHA HOLDING	1
EMKAM	1
KABLO KLADNO	1
KOMERCNI BANKA	1
LECIVA PRAHA	1
METROSTAV	1
MORAV.CHEMIC. ZAV	1
OKD	1
PF IKS KB PLUS	1
RIF	1
SELIKO	1
SOKOLOVSKA UHELNA	1
SPIF CESKY	1
SPT TELECOM	1
SKODA PLZEN	1
TABAK	1
TRINECKE ZELEZARNY	1
VODNI STAVBY PRAHA	1
Chicago Board Options Exchange	1
The New York Times	1
Purdue Frederick Co	1
Purepac Pharamceutical	1
Purepac	1
Zeneca Group Plc	1
F.H. Faulding & Co	1
Leeds United	1
Sudan People 's Liberation Army	1
Catholic Information office	1
RIA	1
Central European Free Trade Area	1
Chamber of Economy	1
Party of Social Democracy	1
National Unity Party	1
PDSR	1
Transportation Ministry	1
Judicial Police	1
Corporacion Venezolana de Guayana	1
Venalum	1
Alucasa	1
El Nuevo Diario	1
TBC	1
Peronists	1
Military College	1
PT Matahari Putra Prima	1
Democrat National Convention	1
National Abortion Rights Action League	1
Republican House	1
YMCA	1
Akron	1
ABC News	1
Robert W. Baird	1
Robert W. Baird & Co.	1
, Inc.	1
Massachusetts Association of Realtors	1
CFDT	1
Federation Syndicale Unitaire	1
FSU	1
Elf	1
Rhone Poulenc	1
UIC	1
Carrefour	1
Cheuvreux de Virieu	1
Scor	1
Prudential	1
Mercantile & General	1
Re	1
Bollore	1
Scac Delmas Vileujeux	1
SDV	1
Alcatel Alsthom	1
Essilor	1
Oakley Inc	1
Gentext Optics Inc	1
Essilor International	1
VEERAKESARI	1
TELO	1
THINAKARAN	1
UNP	1
DAILY NEWS	1
THE ISLAND	1
LANKADEEPA	1
DIVAINA	1
DINAMINA	1
Ruhunu University	1
Shishu Bhavan	1
Prem Dan	1
Gift of Love	1
State (central) Bank	1
United People 's Front Nepal	1
Bhattarai	1
Communist United Marxist-Leninist	1
Bedibunder	1
Bhavnagar	1
Banglabazar Patrika	1
U.N. General Assembly	1
Barrick Gold Corp	1
Arequipa Resources Ltd	1
Merrion Insurance Company Inc	1
Health Insurance of Vermont	1
HMG	1
VTM	1
AOL Europe	1
Bertelsmann AG	1
AdOn GmbH	1
New Media	1
AOL Germany	1
AdOn	1
Power Corp	1
Power	1
Dominion Bond Rating Service	1
Power Corp of Canada	1
Power Financial Corp	1
al-Tadamun	1
Information Ministry	1
IPO	1
Morgan Stanley and Co Inc	1
Hoechst Marion Roussel Inc	1
AMTRAK	1
National Rifle Association	1
Electoral Research Group	1
Forschungsgruppe Wahlen	1
British Data	1
Mentmore	1
Platignum	1
Immigration Service	1
Macedonian Communist Party	1
Japan Aluminium Federation	1
United Nations Human Rights Commission	1
U.N. Human Rights Commission	1
Cooperative Bank	1
Cooperative Bank of Taiwan	1
Cooperative	1
Taipei Newsroom	1
Palestinian self-rule Authority	1
Authority	1
Palestine Liberation Organisation	1
National Association of Securities Dealers	1
Mediaset	1
APA	1
Saskatchewan Pork International Marketing Group	1
Man City	1
Jockey Club	1
St Leger	1
2000 Games	1
DODGERS	1
Expos	1
Mets	1
Griqualand West	1
South African Hockey Association	1
MCC	1
RED STAR	1
FORMULA SHELL	1
Hapoel Kfar Sava	1
Hapoel Zafririm Holon	1
Hapoel Tel Aviv	1
Maccabi Haifa	1
Hapoel Jerusalem	1
Hapoel Petah Tikva	1
Hapoel Ironi Rishon	1
Maccabi Petah Tikva	1
Hapoel Haifa	1
Tel Aviv	1
Hapoel Beersheva	1
Maccabi Herzliya	1
Cubs	1
Newell Old Boys	1
PARMA	1
ROMA	1
UDINESE	1
Palermo	1
Atalanta	1
Nocerina	1
Perugia	1
BAYERN	1
Spal	1
Reggiana	1
Lucchese	1
Vicenza	1
Bologna	1
Torino	1
Avellino	1
Lazio	1
Bari	1
Verona	1
Monza	1
Napoli	1
Chievo	1
Ravenna	1
Inter	1
LENS	1
The Canaries	1
RKC Waalijk	1
Graafschap	1
Doetinchem	1
SV Hamburg	1
Munich 1860	1
Schalke 04	1
Paris SG	1
Arch Petroleum Inc	1
Trax Petroleums Ltd	1
Biogen Inc	1
Berlex Laboratories	1
Schering AG	1
U.S. Food and Drug Administration	1
BioVest Research, Inc	1
Chiron Corp	1
Chiron	1
Treasury Department	1
Codelco	1
Copper and Brass Servicenter Association	1
Harleysville Group	1
Empresa Nacional del Petroleo	1
Ecuadorian Oriente	1
Petroecuador	1
European Coal and Steel Community	1
Brotherhood of Nations	1
Department of Transport	1
Four Nations TV Committee	1
British Broadcasting Corporation	1
Vancouver Sun	1
ASEC	1
Eastern Region Brigade	1
Revolutionary United Front	1
RUF	1
Liberia Council	1
Council	1
Constitutional Rights Project	1
Academic Staff Union of Universities	1
Tafawa Balewa University	1
Vogue	1
Alliance-Menatep	1
CentrInvest Securities	1
U.S. Securities and Exchange Commission	1
Mosenergo	1
Rostelekom	1
LUKoil	1
Koha Jone	1
Bucharest Newsroom	1
Costa Rican Volcanic and Seismologicial Observatory	1
Vale do Rio Doce	1
Vale	1
Arthur Yates	1
Arthur Yates and Co	1
PLO Council	1
Palestinian Legislative Council	1
Iraqi News Agency	1
National Guard	1
JOHNSON CO	1
Oklahoma State University	1
Oklahoma Wheat Commission	1
University of Oklahoma	1
Texas Wheat Producers	1
Agricultural Statistics Service	1
Texas Agricultural Statistics Service	1
First Union National Bank of Fla.	1
First Union National Bank of Florida	1
First Union Corp	1
Amoco Corp	1
Ministry of Petroleum and Minerals	1
Defence Ministry	1
EOE	1
AHOLD	1
BOLSWESSANEN	1
ABN AMRO	1
Le Canard Enchaine	1
Credit Suisse	1
Zurich Editorial	1
Pakistan Muslim League	1
Mohajir National Movement	1
Associated Cement Companies	1
Kredietbank	1
Welspun Stahl Rohren Ltd	1
Indusind Bank	1
UTI Bank	1
Welspun	1
All Fishermen 's Association	1
Indian Fisheries Department	1
Bombay Commodities	1
Conservative New Democracy	1
British Airways	1
U.S. Transportation Department	1
CGT	1
AEI	1
Air Express International	1
Bureau Veritas	1
AEI Iberfreight	1
FSA	1
Financial Security Assurance	1
Colorado Health Fac.	1
Auth.	1
National	1
Benevolent Assoc.	1
Colorado Christian Home	1
Career Horizons	1
Donaldson Lufkin & Jenrette	1
Career Horizons Inc	1
Northern States Power Co	1
Lloyd 's of London	1
Association of Lloyd 's	1
Fourth Circuit	1
Ninth Circuit	1
French Archaeological Society	1
Archaeological Society	1
Volkswagen	1
Pao de Acucar	1
Auchan	1
CAMAT	1
AGF-IART	1
Billa	1
Rewe-Handelsgruppe	1
Eurostat	1
IMERISIA	1
Pasok	1
FINANCIAL KATHIMERINI	1
Athens Metro	1
State National Bank of Greece	1
KERDOS	1
EXPRESS	1
HOEK LOOS	1
Hoek Loos NV	1
Stagecoach Holdings Plc	1
Guinness Peat	1
Guinness Peat Group Plc	1
Physicians Insurance Co	1
Tyndall Australia Ltd	1
Mid-East Minerals Ltd	1
Newcrest Q4	1
Newcrest Mining Ltd	1
BRISBANE	1
Shanghai Ek Chor	1
Shanghai-Ek Chor Motorcycle Co	1
Sino-Thai	1
Shanghai-Ek Chor	1
Shanghai Automobile Corporation	1
Ek Chor China Motorcycle	1
DNUM	1
Khmer	1
MOF	1
New Party Sakigake	1
Liberal Democratic Party	1
Social Democratic Party	1
Liu Chong Hing Investment Ltd	1
Writers Association	1
Hwa Kay Thai Holdings Ltd	1
Ministry of Finance	1
WEN WEI PO	1
MING PAO DAILY NEWS	1
Frontier	1
SOUTH CHINA MORNING POST	1
HONG KONG ECONOMIC TIMES	1
Legal Department	1
Addameer Prisoners Support Association	1
Banco Santander	1
Caja de Madrid	1
Iberia	1
North Atlantic Treaty Organisation	1
Aaxis Limited	1
U.N. Department of Humanitarian Affairs	1
EU Commission	1
Nature	1
National Farmers Union	1
Polti	1
LIONS	1
British Lions	1
Zimbabwe Football Association	1
Plymouth Argyle	1
DINAMO	1
Brewers	1
Greenville	1
Eugene	1
GENOA	1
NICE	1
Vitesse	1
BOLD / OGILVY, MATHER	1
AD	1
New democracy	1
Bold / Ogilvy and Mather	1
LIFFE	1
London International Financial Futures Exchange	1
EUROLIRA	1
EUROSWISS	1
CNE	1
Republican Front	1
Patriotic Salvation Movement	1
FRATERNITE MATIN	1
LA VOIE	1
LE JOUR	1
National Security Council	1
RAO Gazprom	1
Federal Securities Corporation	1
Central Office of Statistics and Information	1
La Nacion	1
National Human Rights Commission	1
Revolutionary Workers ' Party	1
Agir Ensemble pour les Droits de l'Homme	1
Red Brigade	1
TV Globo	1
Supreme Federal Tribunal	1
Globo	1
National Council of Christian Churches of Brazil	1
Coordinate of Ecumenical Service	1
National Conference of Bishops of Brazil	1
Independent Commission Against Corruption	1
Rajapat Institute	1
New Aspiration Party	1
Piper Jaffray	1
Piper Jaffray Inc	1
Human Gene Therapy	1
Institute for Human Gene Therapy	1
Taiwan Flour Mills Assn	1
Mitsui	1
Louis Dreyfus Corp	1
Commodity Credit Corp of USDA	1
Japanese Food Agency	1
Taichung division	1
Breakfast Soybean Procurement Assn	1
Bunge	1
PNW	1
Cyprus Grain Commission	1
ONIC	1
Somerset Jewellers	1
Buffalo Bills	1
D.C. Coalition Against Domestic Violence	1
New York Post	1
Checker 's	1
Miami Herald	1
Marines	1
U.S. DLA	1
U.S. Defense Logistics Agency	1
NBC	1
DECATUR	1
CLINTON AND CEDAR RAPIDS	1
RENNES	1
DAWN	1
Pakistan People 's Party	1
BUSINESS RECORDER	1
Sui Southern Gas	1
Sui Northern Gas	1
FINANCIAL POST	1
THE NATION	1
Mohib Textile Mills	1
THE NEWS	1
Muslim Commercial Bank	1
Vital Information System	1
Duff and Phelps	1
Credit Rating and Information Systems Ltd	1
Sindh High Court	1
Privatisation Commission	1
Javedan Cement	1
Dadabhoy Investment (pvt) Ltd	1
THE MUSLIM	1
Vicorp Restaurants	1
Vicorp Restaurants Inc	1
Bestop Inc	1
Southern California Edison Co	1
New York Power Desk	1
Dreyfus Strategic Munis	1
Dreyfus Strategic Municipals Inc	1
Sierra Semiconductor	1
Roberston Stephens & Co	1
Soundview Financial Group	1
Hambrecht & Quist	1
PMC	1
Housecall Medical Resources Inc	1
Morgan Stanley	1
First Alliance	1
First Alliance Corporation and Subsidiaries	1
Slough Estates Plc	1
British Land	1
Land Securities	1
Hammerson	1
Statistics Canada	1
Reuters Ottawa Burea	1
Jomhuri Eslami	1
al-Akhbar	1
Keane Inc	1
Life Insurance Co of Georgia	1
Southland Life Insurance Co	1
ING Group	1
Life of Georgia	1
Southland Life	1
Wall Street Journal	1
National Basketball Association	1
America Online Inc	1
The Wall Street Journal	1
Baxter International Inc	1
Immuno International AG	1
Boeing Co	1
Philip Morris Cos Inc	1
Salomon Brothers Inc	1
Red Lion Hotels Inc	1
Doubletree Corp	1
GTE Corp	1
Baby Bells	1
H&R Block Inc	1
CompuServe Corp	1
Federal Trade Commission and Justice Department	1
Post	1
National Transportation Safety Board	1
National Archives	1
Archives	1
Army	1
Southern Illinois University at Carbondale	1
American Studies	1
American University	1
United Daughters of the Confederacy	1
National Park Service	1
Ajaccio	1
La Corse	1
France-Soir	1
Le Figaro	1
OM Gruppen AB	1
OMLX	1
London Securities & Derivatives Exchange	1
OM Stockholm	1
British Securities and Investments Board	1
NTB	1
Vnukovo Airlines	1
Royal Meteorological Institute	1
Madrid Newsroom	1
Liberte	1
Le Matin	1
Iltalehti	1
Audi AG	1
KEKKILA	1
Kekkila Oy	1
T&N Plc	1
Kolbenschmidt	1
Television New Zealand	1
Siam Commercial	1
Siam Commercial Bank Plc	1
Government Housing Bank	1
Waterworks Authority	1
Siam Commercial Bank	1
M'bishi Gas	1
Mitsubishi Gas Chemical Co Ltd	1
Nomura Securities Co Ltd	1
Tokyo-Mitsubishi Bank	1
Daewoo Information Systems Co Ltd	1
Dacom Corp	1
Daewoo Dacom Communications	1
Daewoo Group	1
Seoul Newsroom	1
Salomon & Taylor	1
Salomon & Taylor Made Co Ltd	1
Airport Facilities	1
Airport Facilities Co Ltd	1
CDU 3	1
CDU No.3	1
CDU No.	1
3	1
Singapore Petroleum Company	1
British Petrolem	1
Caltex	1
Chevron Corp	1
Texaco Inc	1
Loxley	1
Loxley Publications Plc	1
Bank of Spain	1
EPA	1
GAL	1
BCH	1
Coopers and Lybrand	1
Lenzing AG	1
Foreign Office	1
Cabinet	1
Chase Securities Inc.	1
Goldman, Sachs and Co.	1
Inc	1
Bailard, Biehl and Kaiser	1
MainStay International Funds	1
ABERDEEN	1
