prompt,completion,reward,logprob,adv,logprob_new,reward_new
Rephrase politely: You are wrong. (nicely),Rephrase politely: You are wrong. (nicely) [Version 1] — This is a sample completion.,-0.0562291145324707,-1.7516429234943836,-0.009941519641627906,-1.7526370754585463,0.17331629214456606
Rephrase politely: You are wrong. (nicely),Rephrase politely: You are wrong. (nicely) [Version 2] — This is a sample completion.,-0.0513118281960487,-2.069132150585592,-0.005024233305205905,-2.0696345739161126,0.12623190170730217
Rephrase politely: You are wrong. (nicely),Rephrase politely: You are wrong. (nicely) [Version 3] — This is a sample completion.,-0.0534633174538612,-1.6761557309496538,-0.007175722563018405,-1.6768733032059555,0.1869576229207131
Answer concisely: Why is the sky blue? (for a child),Answer concisely: Why is the sky blue? (for a child) [Version 1] — This is a sample completion.,-0.0331255868077278,-1.2384850717959872,0.013162008083114997,-1.2371688709876758,0.29020466283883734
Answer concisely: Why is the sky blue? (for a child),Answer concisely: Why is the sky blue? (for a child) [Version 2] — This is a sample completion.,-0.0297638997435569,-2.117076687361668,0.016523695147285897,-2.1154243178469394,0.12058211355367866
Answer concisely: Why is the sky blue? (for a child),Answer concisely: Why is the sky blue? (for a child) [Version 3] — This is a sample completion.,-0.0327033884823322,-2.1170684784745903,0.013584206408510595,-2.115710057833739,0.12054766334427915
Summarize this sentence: Artificial intelligence is transforming industries. (for a child),Summarize this sentence: Artificial intelligence is transforming industries. (for a child) [Version 1] — This is a sample completion.,0.0238690227270126,-1.2103935922463043,0.0701566176178554,-1.2033779304845187,0.3001785152441854
Summarize this sentence: Artificial intelligence is transforming industries. (for a child),Summarize this sentence: Artificial intelligence is transforming industries. (for a child) [Version 2] — This is a sample completion.,0.0261019095778465,-1.6162826354235456,0.0723895044686893,-1.6090436849766767,0.20007886103505604
Summarize this sentence: Artificial intelligence is transforming industries. (for a child),Summarize this sentence: Artificial intelligence is transforming industries. (for a child) [Version 3] — This is a sample completion.,0.0230146422982215,-2.234737192967476,0.0693022371890643,-2.2278069692485696,0.10776450205160788
Write a polite reply to: I need this report urgently. (for a child),Write a polite reply to: I need this report urgently. (for a child) [Version 1] — This is a sample completion.,0.0183743685483932,-1.7287199782070177,0.064661963439236,-1.722253781863094,0.17866302631974132
Write a polite reply to: I need this report urgently. (for a child),Write a polite reply to: I need this report urgently. (for a child) [Version 2] — This is a sample completion.,0.021034263074398,-2.231708846406231,0.06732185796524079,-2.2249766606097072,0.10806994089192458
Write a polite reply to: I need this report urgently. (for a child),Write a polite reply to: I need this report urgently. (for a child) [Version 3] — This is a sample completion.,0.0181667990982532,-2.2328648767851282,0.064454393989096,-2.2264194373862187,0.1079141325163473
Explain simply: What is reinforcement learning? (for a child),Explain simply: What is reinforcement learning? (for a child) [Version 1] — This is a sample completion.,-0.0740541964769363,-1.879018864216983,-0.027766601586093502,-1.8817955243755924,0.15231637232359005
Explain simply: What is reinforcement learning? (for a child),Explain simply: What is reinforcement learning? (for a child) [Version 2] — This is a sample completion.,-0.0698441639542579,-2.956640122328899,-0.0235565690634151,-2.9589957792352406,0.05187098094274215
Explain simply: What is reinforcement learning? (for a child),Explain simply: What is reinforcement learning? (for a child) [Version 3] — This is a sample completion.,-0.0733097940683364,-2.862458916256516,-0.027022199177493607,-2.8651611361742657,0.05697394982802571
Rephrase politely: You are wrong. (for a child),Rephrase politely: You are wrong. (for a child) [Version 1] — This is a sample completion.,-0.0295506343245506,-2.281143764620486,0.016736960566292196,-2.279470068563857,0.10233842469673446
Rephrase politely: You are wrong. (for a child),Rephrase politely: You are wrong. (for a child) [Version 2] — This is a sample completion.,-0.0261210463941097,-2.506415560167212,0.020166548496733095,-2.5043989053175384,0.08172470751118806
Rephrase politely: You are wrong. (for a child),Rephrase politely: You are wrong. (for a child) [Version 3] — This is a sample completion.,-0.03009594976902,-1.842876333702363,0.016191645121822796,-1.8412571691901807,0.15861789118281475
Write a polite reply to: I need this report urgently. (for a child),Write a polite reply to: I need this report urgently. (for a child) [Version 1] — This is a sample completion.,0.0183743685483932,-2.4540120377606054,0.064661963439236,-2.447545841416682,0.08650562472665733
Write a polite reply to: I need this report urgently. (for a child),Write a polite reply to: I need this report urgently. (for a child) [Version 2] — This is a sample completion.,0.021034263074398,-2.706151850667646,0.06732185796524079,-2.699419664871122,0.06724452577887052
Write a polite reply to: I need this report urgently. (for a child),Write a polite reply to: I need this report urgently. (for a child) [Version 3] — This is a sample completion.,0.0181667990982532,-1.267175615539223,0.064454393989096,-1.2607301761403136,0.28344698469520807
Write a polite reply to: I need this report urgently. (clearly),Write a polite reply to: I need this report urgently. (clearly) [Version 1] — This is a sample completion.,0.0166203528642654,-2.112888150243268,0.06290794775510819,-2.1065973554677573,0.12165119877965833
Write a polite reply to: I need this report urgently. (clearly),Write a polite reply to: I need this report urgently. (clearly) [Version 2] — This is a sample completion.,0.0197165310382843,-1.9662358976560381,0.06600412592912709,-1.9596354850631255,0.14090977527860185
Write a polite reply to: I need this report urgently. (clearly),Write a polite reply to: I need this report urgently. (clearly) [Version 3] — This is a sample completion.,0.0181177444756031,-2.712374093106728,0.0644053393664459,-2.7059335591700835,0.06680792557333232
Write a polite reply to: I need this report urgently. (in one sentence),Write a polite reply to: I need this report urgently. (in one sentence) [Version 1] — This is a sample completion.,-0.0582949817180633,-2.2721913622625913,-0.012007386827220502,-2.2733921009453133,0.1029623284408806
Write a polite reply to: I need this report urgently. (in one sentence),Write a polite reply to: I need this report urgently. (in one sentence) [Version 2] — This is a sample completion.,-0.0551915504038333,-1.9445387051450669,-0.008903955512990502,-1.945429100696366,0.14292588058303776
Write a polite reply to: I need this report urgently. (in one sentence),Write a polite reply to: I need this report urgently. (in one sentence) [Version 3] — This is a sample completion.,-0.0572956278920173,-2.5754967887111513,-0.011008033001174505,-2.576597592011269,0.07603225719165693
Summarize this sentence: Artificial intelligence is transforming industries. (nicely),Summarize this sentence: Artificial intelligence is transforming industries. (nicely) [Version 1] — This is a sample completion.,-0.0167106445878744,-1.812150990827164,0.029576950302968398,-1.8091932957968673,0.16378621054778303
Summarize this sentence: Artificial intelligence is transforming industries. (nicely),Summarize this sentence: Artificial intelligence is transforming industries. (nicely) [Version 2] — This is a sample completion.,-0.0119875483214855,-2.3003193449594024,0.0343000465693573,-2.296889340302467,0.10057120043313969
Summarize this sentence: Artificial intelligence is transforming industries. (nicely),Summarize this sentence: Artificial intelligence is transforming industries. (nicely) [Version 3] — This is a sample completion.,-0.0136412950232625,-2.1458468748966384,0.032646299867580296,-2.1425822449098804,0.11735142132542993
Rephrase politely: You are wrong. (in one sentence),Rephrase politely: You are wrong. (in one sentence) [Version 1] — This is a sample completion.,-0.1227161139249801,-2.3008533061146985,-0.0764285190341373,-2.3084961580181123,0.099410637094882
Rephrase politely: You are wrong. (in one sentence),Rephrase politely: You are wrong. (in one sentence) [Version 2] — This is a sample completion.,-0.1182472184300422,-1.073860907745531,-0.07195962353919941,-1.081056870099451,0.33923680688093555
Rephrase politely: You are wrong. (in one sentence),Rephrase politely: You are wrong. (in one sentence) [Version 3] — This is a sample completion.,-0.1213690415024757,-2.006748612368967,-0.07508144661163291,-2.01425675703013,0.13341952965138554
Summarize this sentence: Artificial intelligence is transforming industries. (in one sentence),Summarize this sentence: Artificial intelligence is transforming industries. (in one sentence) [Version 1] — This is a sample completion.,-0.0413552783429622,-2.5288554644779504,0.004932316547880594,-2.5283622328231625,0.07978959010695949
Summarize this sentence: Artificial intelligence is transforming industries. (in one sentence),Summarize this sentence: Artificial intelligence is transforming industries. (in one sentence) [Version 2] — This is a sample completion.,-0.0380622819066047,-1.5887275439484054,0.0082253129842381,-1.5879050126499816,0.20435328113571538
Summarize this sentence: Artificial intelligence is transforming industries. (in one sentence),Summarize this sentence: Artificial intelligence is transforming industries. (in one sentence) [Version 3] — This is a sample completion.,-0.0405242145061492,-2.610421824985511,0.005763380384693595,-2.6098454869470418,0.0735459066877493
Write a polite reply to: I need this report urgently. (clearly),Write a polite reply to: I need this report urgently. (clearly) [Version 1] — This is a sample completion.,0.0166203528642654,-1.8955682024976224,0.06290794775510819,-1.8892774077221115,0.15118101160863104
Write a polite reply to: I need this report urgently. (clearly),Write a polite reply to: I need this report urgently. (clearly) [Version 2] — This is a sample completion.,0.0197165310382843,-2.979835061939888,0.06600412592912709,-2.973234649346975,0.05113763021565489
Write a polite reply to: I need this report urgently. (clearly),Write a polite reply to: I need this report urgently. (clearly) [Version 3] — This is a sample completion.,0.0181177444756031,-2.6640930244492154,0.0644053393664459,-2.6576524905125707,0.07011261874509228
Explain simply: What is reinforcement learning? (clearly),Explain simply: What is reinforcement learning? (clearly) [Version 1] — This is a sample completion.,-0.0827575773000717,-1.9015693820654382,-0.036469982409228906,-1.905216380306361,0.14879044381685563
Explain simply: What is reinforcement learning? (clearly),Explain simply: What is reinforcement learning? (clearly) [Version 2] — This is a sample completion.,-0.0770393013954162,-1.6307667100022947,-0.030751706504573408,-1.633841880652752,0.19517828020166147
Explain simply: What is reinforcement learning? (clearly),Explain simply: What is reinforcement learning? (clearly) [Version 3] — This is a sample completion.,-0.0792656689882278,-1.9143158594050147,-0.032978074097385006,-1.9176136668147532,0.14695723295449514
Write a polite reply to: I need this report urgently. (for a child),Write a polite reply to: I need this report urgently. (for a child) [Version 1] — This is a sample completion.,0.0183743685483932,-2.05782414119412,0.064661963439236,-2.0513579448501966,0.12856020732922413
Write a polite reply to: I need this report urgently. (for a child),Write a polite reply to: I need this report urgently. (for a child) [Version 2] — This is a sample completion.,0.021034263074398,-2.1505518477946444,0.06732185796524079,-2.1438196619981205,0.11720629847861554
Write a polite reply to: I need this report urgently. (for a child),Write a polite reply to: I need this report urgently. (for a child) [Version 3] — This is a sample completion.,0.0181667990982532,-2.739260995183714,0.064454393989096,-2.7328155557848044,0.06503591938558823
Answer concisely: Why is the sky blue? (briefly),Answer concisely: Why is the sky blue? (briefly) [Version 1] — This is a sample completion.,-0.0513325557112693,-2.3599221041973544,-0.005044960820426506,-2.360426600279397,0.09437995209314871
Answer concisely: Why is the sky blue? (briefly),Answer concisely: Why is the sky blue? (briefly) [Version 2] — This is a sample completion.,-0.0478417128324508,-2.230319385479894,-0.0015541179416080006,-2.230474797274055,0.1074773880485639
Answer concisely: Why is the sky blue? (briefly),Answer concisely: Why is the sky blue? (briefly) [Version 3] — This is a sample completion.,-0.0499147772789001,-1.4714388868905421,-0.003627182388057301,-1.4718016051293479,0.229511623173149
Explain simply: What is reinforcement learning? (nicely),Explain simply: What is reinforcement learning? (nicely) [Version 1] — This is a sample completion.,-0.1042500585317611,-1.8281908552157693,-0.0579624636409183,-1.8339871015798612,0.159775255938334
Explain simply: What is reinforcement learning? (nicely),Explain simply: What is reinforcement learning? (nicely) [Version 2] — This is a sample completion.,-0.0968871116638183,-2.881520077681367,-0.05059951677297551,-2.8865800293586648,0.055766607013028525
Explain simply: What is reinforcement learning? (nicely),Explain simply: What is reinforcement learning? (nicely) [Version 3] — This is a sample completion.,-0.098779372870922,-1.8379580153026025,-0.05249177798007921,-1.8432071931006104,0.15830888388611392
Summarize this sentence: Artificial intelligence is transforming industries. (in one sentence),Summarize this sentence: Artificial intelligence is transforming industries. (in one sentence) [Version 1] — This is a sample completion.,-0.0413552783429622,-2.1925411402081583,0.004932316547880594,-2.1920479085533704,0.11168778787592082
Summarize this sentence: Artificial intelligence is transforming industries. (in one sentence),Summarize this sentence: Artificial intelligence is transforming industries. (in one sentence) [Version 2] — This is a sample completion.,-0.0380622819066047,-2.3384610001529795,0.0082253129842381,-2.3376384688545557,0.09655538776130325
Summarize this sentence: Artificial intelligence is transforming industries. (in one sentence),Summarize this sentence: Artificial intelligence is transforming industries. (in one sentence) [Version 3] — This is a sample completion.,-0.0405242145061492,-1.6941618555795661,0.005763380384693595,-1.6935855175410968,0.18385911067232952
Answer concisely: Why is the sky blue? (nicely),Answer concisely: Why is the sky blue? (nicely) [Version 1] — This is a sample completion.,-0.0479143522679805,-1.4845002387520245,-0.0016267573771377025,-1.4846629144897383,0.2265787042033473
Answer concisely: Why is the sky blue? (nicely),Answer concisely: Why is the sky blue? (nicely) [Version 2] — This is a sample completion.,-0.0436655133962631,-1.5343599404419006,0.002622081494579695,-1.5340977322924427,0.2156501776085165
Answer concisely: Why is the sky blue? (nicely),Answer concisely: Why is the sky blue? (nicely) [Version 3] — This is a sample completion.,-0.0450070649385452,-2.419608761611319,0.0012805299522975974,-2.4194807086160894,0.08896780568071114
Answer concisely: Why is the sky blue? (clearly),Answer concisely: Why is the sky blue? (clearly) [Version 1] — This is a sample completion.,-0.0300296731293201,-2.1546061879256073,0.016257921761522697,-2.152980395749455,0.11613750572154326
Answer concisely: Why is the sky blue? (clearly),Answer concisely: Why is the sky blue? (clearly) [Version 2] — This is a sample completion.,-0.0269496459513902,-1.834368284298218,0.019337948939452596,-1.8324344894042728,0.16002351762324726
Answer concisely: Why is the sky blue? (clearly),Answer concisely: Why is the sky blue? (clearly) [Version 3] — This is a sample completion.,-0.0285573508590459,-1.5122274364388204,0.017730244031796898,-1.5104544120356407,0.2208096166110296
Summarize this sentence: Artificial intelligence is transforming industries. (in one sentence),Summarize this sentence: Artificial intelligence is transforming industries. (in one sentence) [Version 1] — This is a sample completion.,-0.0413552783429622,-2.239587118922645,0.004932316547880594,-2.239093887267857,0.10655501150207912
Summarize this sentence: Artificial intelligence is transforming industries. (in one sentence),Summarize this sentence: Artificial intelligence is transforming industries. (in one sentence) [Version 2] — This is a sample completion.,-0.0380622819066047,-2.0928294883319087,0.0082253129842381,-2.092006957033485,0.12343914998197075
Summarize this sentence: Artificial intelligence is transforming industries. (in one sentence),Summarize this sentence: Artificial intelligence is transforming industries. (in one sentence) [Version 3] — This is a sample completion.,-0.0405242145061492,-2.553167487003014,0.005763380384693595,-2.5525911489645448,0.07787960666911191
Explain simply: What is reinforcement learning? (for a child),Explain simply: What is reinforcement learning? (for a child) [Version 1] — This is a sample completion.,-0.0740541964769363,-2.5981033120403354,-0.027766601586093502,-2.600879972198945,0.0742082482788683
Explain simply: What is reinforcement learning? (for a child),Explain simply: What is reinforcement learning? (for a child) [Version 2] — This is a sample completion.,-0.0698441639542579,-1.593737088802901,-0.0235565690634151,-1.5960927457092424,0.20268692218038462
Explain simply: What is reinforcement learning? (for a child),Explain simply: What is reinforcement learning? (for a child) [Version 3] — This is a sample completion.,-0.0733097940683364,-1.3218799857145886,-0.027022199177493607,-1.324582205632338,0.2659140332696097
Write a polite reply to: I need this report urgently. (in one sentence),Write a polite reply to: I need this report urgently. (in one sentence) [Version 1] — This is a sample completion.,-0.0582949817180633,-2.036005060790167,-0.012007386827220502,-2.037205799472889,0.13039254524727317
Write a polite reply to: I need this report urgently. (in one sentence),Write a polite reply to: I need this report urgently. (in one sentence) [Version 2] — This is a sample completion.,-0.0551915504038333,-1.498233551053988,-0.008903955512990502,-1.499123946605287,0.22332571973050142
Write a polite reply to: I need this report urgently. (in one sentence),Write a polite reply to: I need this report urgently. (in one sentence) [Version 3] — This is a sample completion.,-0.0572956278920173,-1.819181987476183,-0.011008033001174505,-1.8202827907763004,0.161979938024033
Answer concisely: Why is the sky blue? (nicely),Answer concisely: Why is the sky blue? (nicely) [Version 1] — This is a sample completion.,-0.0479143522679805,-2.322559877302562,-0.0016267573771377025,-2.322722553040276,0.098006394441194
Answer concisely: Why is the sky blue? (nicely),Answer concisely: Why is the sky blue? (nicely) [Version 2] — This is a sample completion.,-0.0436655133962631,-1.819302197245793,0.002622081494579695,-1.8190399890963351,0.16218137210851205
Answer concisely: Why is the sky blue? (nicely),Answer concisely: Why is the sky blue? (nicely) [Version 3] — This is a sample completion.,-0.0450070649385452,-1.2309817167670154,0.0012805299522975974,-1.2308536637717857,0.2920431645691467
Write a polite reply to: I need this report urgently. (in one sentence),Write a polite reply to: I need this report urgently. (in one sentence) [Version 1] — This is a sample completion.,-0.0582949817180633,-2.017913019554976,-0.012007386827220502,-2.019113758237698,0.13277308200409005
Write a polite reply to: I need this report urgently. (in one sentence),Write a polite reply to: I need this report urgently. (in one sentence) [Version 2] — This is a sample completion.,-0.0551915504038333,-1.217678172092997,-0.008903955512990502,-1.218568567644296,0.295653071544797
Write a polite reply to: I need this report urgently. (in one sentence),Write a polite reply to: I need this report urgently. (in one sentence) [Version 3] — This is a sample completion.,-0.0572956278920173,-3.3098725520448724,-0.011008033001174505,-3.31097335534499,0.03648064783331571
Write a polite reply to: I need this report urgently. (briefly),Write a polite reply to: I need this report urgently. (briefly) [Version 1] — This is a sample completion.,0.0004741232842206,-1.589048747812388,0.046761718175063395,-1.5843725759948817,0.2050764226303974
Write a polite reply to: I need this report urgently. (briefly),Write a polite reply to: I need this report urgently. (briefly) [Version 2] — This is a sample completion.,0.0036055408418178,-1.9564764658809144,0.0498931357326606,-1.9514871523076482,0.14206264562290621
Write a polite reply to: I need this report urgently. (briefly),Write a polite reply to: I need this report urgently. (briefly) [Version 3] — This is a sample completion.,0.001946285367012,-2.1495036752329337,0.0482338802578548,-2.1446802872071484,0.11710547117697012
Explain simply: What is reinforcement learning? (for a child),Explain simply: What is reinforcement learning? (for a child) [Version 1] — This is a sample completion.,-0.0740541964769363,-1.9541196117322488,-0.027766601586093502,-1.9568962718908582,0.14129628631753546
Explain simply: What is reinforcement learning? (for a child),Explain simply: What is reinforcement learning? (for a child) [Version 2] — This is a sample completion.,-0.0698441639542579,-2.993784457300446,-0.0235565690634151,-2.9961401142067876,0.049979612125144866
Explain simply: What is reinforcement learning? (for a child),Explain simply: What is reinforcement learning? (for a child) [Version 3] — This is a sample completion.,-0.0733097940683364,-2.109835943918756,-0.027022199177493607,-2.1125381638365055,0.1209306348053739
Answer concisely: Why is the sky blue? (briefly),Answer concisely: Why is the sky blue? (briefly) [Version 1] — This is a sample completion.,-0.0513325557112693,-1.8214437142441269,-0.005044960820426506,-1.8219482103261695,0.1617103979794912
Answer concisely: Why is the sky blue? (briefly),Answer concisely: Why is the sky blue? (briefly) [Version 2] — This is a sample completion.,-0.0478417128324508,-1.2610529776292418,-0.0015541179416080006,-1.2612083894234027,0.2833114689873636
Answer concisely: Why is the sky blue? (briefly),Answer concisely: Why is the sky blue? (briefly) [Version 3] — This is a sample completion.,-0.0499147772789001,-2.2591351091368237,-0.003627182388057301,-2.2594978273756294,0.10440289987116545
Summarize this sentence: Artificial intelligence is transforming industries. (for a child),Summarize this sentence: Artificial intelligence is transforming industries. (for a child) [Version 1] — This is a sample completion.,0.0238690227270126,-2.4042468014465936,0.0701566176178554,-2.3972311396848083,0.09096948669988986
Summarize this sentence: Artificial intelligence is transforming industries. (for a child),Summarize this sentence: Artificial intelligence is transforming industries. (for a child) [Version 2] — This is a sample completion.,0.0261019095778465,-2.250878521792268,0.0723895044686893,-2.2436395713453994,0.10607174530279906
Summarize this sentence: Artificial intelligence is transforming industries. (for a child),Summarize this sentence: Artificial intelligence is transforming industries. (for a child) [Version 3] — This is a sample completion.,0.0230146422982215,-1.542298941148963,0.0693022371890643,-1.5353687174300565,0.21537626354507758
Summarize this sentence: Artificial intelligence is transforming industries. (clearly),Summarize this sentence: Artificial intelligence is transforming industries. (clearly) [Version 1] — This is a sample completion.,-0.0048061460256576,-1.8356244451701578,0.0414814488651852,-1.8314763002836392,0.16017692390125549
Summarize this sentence: Artificial intelligence is transforming industries. (clearly),Summarize this sentence: Artificial intelligence is transforming industries. (clearly) [Version 2] — This is a sample completion.,-0.0006444379687309,-2.264880101883519,0.0456431569221119,-2.260315786191308,0.10431753751503864
Summarize this sentence: Artificial intelligence is transforming industries. (clearly),Summarize this sentence: Artificial intelligence is transforming industries. (clearly) [Version 3] — This is a sample completion.,-0.0026797521859407,-1.743366283443322,0.043607842704902096,-1.7390054991728316,0.17569504262701324
Explain simply: What is reinforcement learning? (in one sentence),Explain simply: What is reinforcement learning? (in one sentence) [Version 1] — This is a sample completion.,-0.1341020166873932,-1.9514612253259798,-0.08781442179655038,-1.9602426675056348,0.1408242433064584
Explain simply: What is reinforcement learning? (in one sentence),Explain simply: What is reinforcement learning? (in one sentence) [Version 2] — This is a sample completion.,-0.1298099756240844,-1.5156775047335553,-0.08352238073324159,-1.5240297428068794,0.21783230772829298
Explain simply: What is reinforcement learning? (in one sentence),Explain simply: What is reinforcement learning? (in one sentence) [Version 3] — This is a sample completion.,-0.1328698247671127,-2.351026546938676,-0.0865822298762699,-2.3596847699263033,0.09444999198198072
Explain simply: What is reinforcement learning? (nicely),Explain simply: What is reinforcement learning? (nicely) [Version 1] — This is a sample completion.,-0.1042500585317611,-2.163831073298884,-0.0579624636409183,-2.169627319662976,0.11422017659367331
Explain simply: What is reinforcement learning? (nicely),Explain simply: What is reinforcement learning? (nicely) [Version 2] — This is a sample completion.,-0.0968871116638183,-2.196054076566079,-0.05059951677297551,-2.2011140282433765,0.11067978924556217
Explain simply: What is reinforcement learning? (nicely),Explain simply: What is reinforcement learning? (nicely) [Version 3] — This is a sample completion.,-0.098779372870922,-2.7317574740660593,-0.05249177798007921,-2.737006651864067,0.06476391798898189
Explain simply: What is reinforcement learning? (briefly),Explain simply: What is reinforcement learning? (briefly) [Version 1] — This is a sample completion.,-0.1054518967866897,-1.851939861467712,-0.059164301895846906,-1.8578562916572967,0.15600670503583774
Explain simply: What is reinforcement learning? (briefly),Explain simply: What is reinforcement learning? (briefly) [Version 2] — This is a sample completion.,-0.098587267100811,-1.8694723639100554,-0.05229967220996821,-1.8747023311310522,0.15340062263927393
Explain simply: What is reinforcement learning? (briefly),Explain simply: What is reinforcement learning? (briefly) [Version 3] — This is a sample completion.,-0.1009031534194946,-1.9974432716787696,-0.054615558528651804,-2.002904827531635,0.13494272800851498
Rephrase politely: You are wrong. (for a child),Rephrase politely: You are wrong. (for a child) [Version 1] — This is a sample completion.,-0.0295506343245506,-2.1172935666875734,0.016736960566292196,-2.1156198706309444,0.12055853569110551
Rephrase politely: You are wrong. (for a child),Rephrase politely: You are wrong. (for a child) [Version 2] — This is a sample completion.,-0.0261210463941097,-2.707685371025207,0.020166548496733095,-2.7056687161755337,0.06682562152762214
Rephrase politely: You are wrong. (for a child),Rephrase politely: You are wrong. (for a child) [Version 3] — This is a sample completion.,-0.03009594976902,-2.2103226613826794,0.016191645121822796,-2.208703496870497,0.1098429679885057
Summarize this sentence: Artificial intelligence is transforming industries. (for a child),Summarize this sentence: Artificial intelligence is transforming industries. (for a child) [Version 1] — This is a sample completion.,0.0238690227270126,-2.171357258263385,0.0701566176178554,-2.1643415965015995,0.1148255112328893
Summarize this sentence: Artificial intelligence is transforming industries. (for a child),Summarize this sentence: Artificial intelligence is transforming industries. (for a child) [Version 2] — This is a sample completion.,0.0261019095778465,-2.4011386346108097,0.0723895044686893,-2.393899684163941,0.09127305287643094
Summarize this sentence: Artificial intelligence is transforming industries. (for a child),Summarize this sentence: Artificial intelligence is transforming industries. (for a child) [Version 3] — This is a sample completion.,0.0230146422982215,-2.0806428558330046,0.0693022371890643,-2.073712632114098,0.125718168893825
Answer concisely: Why is the sky blue? (briefly),Answer concisely: Why is the sky blue? (briefly) [Version 1] — This is a sample completion.,-0.0513325557112693,-1.7979745715927309,-0.005044960820426506,-1.7984790676747735,0.16555048792856966
Answer concisely: Why is the sky blue? (briefly),Answer concisely: Why is the sky blue? (briefly) [Version 2] — This is a sample completion.,-0.0478417128324508,-1.0569070493947348,-0.0015541179416080006,-1.0570624611888957,0.3474750339908469
Answer concisely: Why is the sky blue? (briefly),Answer concisely: Why is the sky blue? (briefly) [Version 3] — This is a sample completion.,-0.0499147772789001,-1.9127110935840805,-0.003627182388057301,-1.9130738118228863,0.1476259141915652
Explain simply: What is reinforcement learning? (for a child),Explain simply: What is reinforcement learning? (for a child) [Version 1] — This is a sample completion.,-0.0740541964769363,-1.8712248046386177,-0.027766601586093502,-1.8740014647972272,0.15350817365631056
Explain simply: What is reinforcement learning? (for a child),Explain simply: What is reinforcement learning? (for a child) [Version 2] — This is a sample completion.,-0.0698441639542579,-2.037222957883084,-0.0235565690634151,-2.0395786147894253,0.13008351460006815
Explain simply: What is reinforcement learning? (for a child),Explain simply: What is reinforcement learning? (for a child) [Version 3] — This is a sample completion.,-0.0733097940683364,-2.9593856076495206,-0.027022199177493607,-2.96208782756727,0.05171084107033835
Rephrase politely: You are wrong. (nicely),Rephrase politely: You are wrong. (nicely) [Version 1] — This is a sample completion.,-0.0562291145324707,-2.0132569377246083,-0.009941519641627906,-2.0142510896887713,0.13342028578754664
Rephrase politely: You are wrong. (nicely),Rephrase politely: You are wrong. (nicely) [Version 2] — This is a sample completion.,-0.0513118281960487,-1.9698848950294867,-0.005024233305205905,-1.9703873183600074,0.1394028524732054
Rephrase politely: You are wrong. (nicely),Rephrase politely: You are wrong. (nicely) [Version 3] — This is a sample completion.,-0.0534633174538612,-0.7683789437573569,-0.007175722563018405,-0.7690965160136588,0.4634315822357596
Rephrase politely: You are wrong. (in one sentence),Rephrase politely: You are wrong. (in one sentence) [Version 1] — This is a sample completion.,-0.1227161139249801,-2.096180482390561,-0.0764285190341373,-2.103823334293975,0.121989130278752
Rephrase politely: You are wrong. (in one sentence),Rephrase politely: You are wrong. (in one sentence) [Version 2] — This is a sample completion.,-0.1182472184300422,-1.8492263288331938,-0.07195962353919941,-1.8564222911871138,0.15623057920367803
Rephrase politely: You are wrong. (in one sentence),Rephrase politely: You are wrong. (in one sentence) [Version 3] — This is a sample completion.,-0.1213690415024757,-2.0173558848526216,-0.07508144661163291,-2.0248640295137847,0.1320117916750705
Summarize this sentence: Artificial intelligence is transforming industries. (clearly),Summarize this sentence: Artificial intelligence is transforming industries. (clearly) [Version 1] — This is a sample completion.,-0.0048061460256576,-2.584339018809766,0.0414814488651852,-2.5801908739232475,0.07575954212166128
Summarize this sentence: Artificial intelligence is transforming industries. (clearly),Summarize this sentence: Artificial intelligence is transforming industries. (clearly) [Version 2] — This is a sample completion.,-0.0006444379687309,-1.4285885927424897,0.0456431569221119,-1.4240242770502785,0.2407432473590119
Summarize this sentence: Artificial intelligence is transforming industries. (clearly),Summarize this sentence: Artificial intelligence is transforming industries. (clearly) [Version 3] — This is a sample completion.,-0.0026797521859407,-1.6240334836566128,0.043607842704902096,-1.6196726993861226,0.1979634820504844
Summarize this sentence: Artificial intelligence is transforming industries. (in one sentence),Summarize this sentence: Artificial intelligence is transforming industries. (in one sentence) [Version 1] — This is a sample completion.,-0.0413552783429622,-1.6044840264784765,0.004932316547880594,-1.6039907948236884,0.20109239602585027
Summarize this sentence: Artificial intelligence is transforming industries. (in one sentence),Summarize this sentence: Artificial intelligence is transforming industries. (in one sentence) [Version 2] — This is a sample completion.,-0.0380622819066047,-2.4546937273973697,0.0082253129842381,-2.453871196098946,0.08596017287509329
Summarize this sentence: Artificial intelligence is transforming industries. (in one sentence),Summarize this sentence: Artificial intelligence is transforming industries. (in one sentence) [Version 3] — This is a sample completion.,-0.0405242145061492,-1.2986028445319504,0.005763380384693595,-1.298026506493481,0.27307016381877747
Write a polite reply to: I need this report urgently. (for a child),Write a polite reply to: I need this report urgently. (for a child) [Version 1] — This is a sample completion.,0.0183743685483932,-2.7009255313961402,0.064661963439236,-2.694459335052217,0.06757890944626575
Write a polite reply to: I need this report urgently. (for a child),Write a polite reply to: I need this report urgently. (for a child) [Version 2] — This is a sample completion.,0.021034263074398,-1.7065714530998648,0.06732185796524079,-1.6998392673033407,0.1827128896281317
Write a polite reply to: I need this report urgently. (for a child),Write a polite reply to: I need this report urgently. (for a child) [Version 3] — This is a sample completion.,0.0181667990982532,-0.9047721870950107,0.064454393989096,-0.8983267476961011,0.40725052282946633
Write a polite reply to: I need this report urgently. (for a child),Write a polite reply to: I need this report urgently. (for a child) [Version 1] — This is a sample completion.,0.0183743685483932,-2.495268162565344,0.064661963439236,-2.4888019662214207,0.0830093550391916
Write a polite reply to: I need this report urgently. (for a child),Write a polite reply to: I need this report urgently. (for a child) [Version 2] — This is a sample completion.,0.021034263074398,-2.283148864801386,0.06732185796524079,-2.276416679004862,0.1026513813202848
Write a polite reply to: I need this report urgently. (for a child),Write a polite reply to: I need this report urgently. (for a child) [Version 3] — This is a sample completion.,0.0181667990982532,-1.9501743174561794,0.064454393989096,-1.94372887805727,0.14316909310004253
Rephrase politely: You are wrong. (briefly),Rephrase politely: You are wrong. (briefly) [Version 1] — This is a sample completion.,-0.0637455508112907,-2.2517378270580997,-0.017457955920447903,-2.2534836226501445,0.10503269223670282
Rephrase politely: You are wrong. (briefly),Rephrase politely: You are wrong. (briefly) [Version 2] — This is a sample completion.,-0.0603556707501411,-2.775331715533066,-0.014068075859298305,-2.776738523118996,0.06224117485289284
Rephrase politely: You are wrong. (briefly),Rephrase politely: You are wrong. (briefly) [Version 3] — This is a sample completion.,-0.0632742047309875,-1.9657185125969863,-0.016986609840144697,-1.9674171735810007,0.13981751462613418
Write a polite reply to: I need this report urgently. (clearly),Write a polite reply to: I need this report urgently. (clearly) [Version 1] — This is a sample completion.,0.0166203528642654,-2.5311518568630524,0.06290794775510819,-2.524861062087542,0.08006943669432241
Write a polite reply to: I need this report urgently. (clearly),Write a polite reply to: I need this report urgently. (clearly) [Version 2] — This is a sample completion.,0.0197165310382843,-1.7632037846824091,0.06600412592912709,-1.7566033720894965,0.17263022978176285
Write a polite reply to: I need this report urgently. (clearly),Write a polite reply to: I need this report urgently. (clearly) [Version 3] — This is a sample completion.,0.0181177444756031,-2.4597121171169016,0.0644053393664459,-2.453271583180257,0.08601173116120438
Write a polite reply to: I need this report urgently. (in one sentence),Write a polite reply to: I need this report urgently. (in one sentence) [Version 1] — This is a sample completion.,-0.0582949817180633,-1.2250327974912303,-0.012007386827220502,-1.2262335361739523,0.29339556297448605
Write a polite reply to: I need this report urgently. (in one sentence),Write a polite reply to: I need this report urgently. (in one sentence) [Version 2] — This is a sample completion.,-0.0551915504038333,-2.3916266461681186,-0.008903955512990502,-2.3925170417194175,0.0913993381569553
Write a polite reply to: I need this report urgently. (in one sentence),Write a polite reply to: I need this report urgently. (in one sentence) [Version 3] — This is a sample completion.,-0.0572956278920173,-2.1610307581028376,-0.011008033001174505,-2.1621315614029553,0.11507956026817279
Summarize this sentence: Artificial intelligence is transforming industries. (briefly),Summarize this sentence: Artificial intelligence is transforming industries. (briefly) [Version 1] — This is a sample completion.,-0.0174394752830266,-1.593241391315165,0.028848119607816195,-1.5903565793543835,0.20385290903415026
Summarize this sentence: Artificial intelligence is transforming industries. (briefly),Summarize this sentence: Artificial intelligence is transforming industries. (briefly) [Version 2] — This is a sample completion.,-0.013174096122384,-2.6154321582169775,0.033113498768458795,-2.6121208083401317,0.07337875634537605
Summarize this sentence: Artificial intelligence is transforming industries. (briefly),Summarize this sentence: Artificial intelligence is transforming industries. (briefly) [Version 3] — This is a sample completion.,-0.0155286770313978,-1.8862700326979354,0.030758917859444998,-1.8831941409119908,0.1521034890322421
Rephrase politely: You are wrong. (clearly),Rephrase politely: You are wrong. (clearly) [Version 1] — This is a sample completion.,-0.0514846965670585,-1.3464286228587858,-0.005197101676215704,-1.3469483330264074,0.26003258392603623
Rephrase politely: You are wrong. (clearly),Rephrase politely: You are wrong. (clearly) [Version 2] — This is a sample completion.,-0.0477590858936309,-2.8037416172806138,-0.0014714910027881015,-2.8038887663808927,0.06057404570282809
Rephrase politely: You are wrong. (clearly),Rephrase politely: You are wrong. (clearly) [Version 3] — This is a sample completion.,-0.0503237321972847,-1.907683070733848,-0.004036137306441902,-1.9080866844644921,0.1483639823171746
Write a polite reply to: I need this report urgently. (for a child),Write a polite reply to: I need this report urgently. (for a child) [Version 1] — This is a sample completion.,0.0183743685483932,-1.8700586028757882,0.064661963439236,-1.8635924065318645,0.15511439429963408
Write a polite reply to: I need this report urgently. (for a child),Write a polite reply to: I need this report urgently. (for a child) [Version 2] — This is a sample completion.,0.021034263074398,-1.6090885641113448,0.06732185796524079,-1.6023563783148207,0.20142133349491292
Write a polite reply to: I need this report urgently. (for a child),Write a polite reply to: I need this report urgently. (for a child) [Version 3] — This is a sample completion.,0.0181667990982532,-2.618475355439041,0.064454393989096,-2.6120299160401315,0.07338542621242662
Summarize this sentence: Artificial intelligence is transforming industries. (in one sentence),Summarize this sentence: Artificial intelligence is transforming industries. (in one sentence) [Version 1] — This is a sample completion.,-0.0413552783429622,-2.6602283065421384,0.004932316547880594,-2.6597350748873505,0.06996675524006649
Summarize this sentence: Artificial intelligence is transforming industries. (in one sentence),Summarize this sentence: Artificial intelligence is transforming industries. (in one sentence) [Version 2] — This is a sample completion.,-0.0380622819066047,-1.7390292171915511,0.0082253129842381,-1.7382066858931273,0.17583544623090758
Summarize this sentence: Artificial intelligence is transforming industries. (in one sentence),Summarize this sentence: Artificial intelligence is transforming industries. (in one sentence) [Version 3] — This is a sample completion.,-0.0405242145061492,-1.8515076633834069,0.005763380384693595,-1.8509313253449375,0.15709079552546573
Rephrase politely: You are wrong. (in one sentence),Rephrase politely: You are wrong. (in one sentence) [Version 1] — This is a sample completion.,-0.1227161139249801,-1.8747535748270616,-0.0764285190341373,-1.8823964267304754,0.15222487255074132
Rephrase politely: You are wrong. (in one sentence),Rephrase politely: You are wrong. (in one sentence) [Version 2] — This is a sample completion.,-0.1182472184300422,-1.826775895251512,-0.07195962353919941,-1.833971857605432,0.15977769156681423
Rephrase politely: You are wrong. (in one sentence),Rephrase politely: You are wrong. (in one sentence) [Version 3] — This is a sample completion.,-0.1213690415024757,-2.3400123607892453,-0.07508144661163291,-2.3475205054504085,0.09560592293562138
Summarize this sentence: Artificial intelligence is transforming industries. (clearly),Summarize this sentence: Artificial intelligence is transforming industries. (clearly) [Version 1] — This is a sample completion.,-0.0048061460256576,-1.8838731514194982,0.0414814488651852,-1.8797250065329796,0.1526320728091671
Summarize this sentence: Artificial intelligence is transforming industries. (clearly),Summarize this sentence: Artificial intelligence is transforming industries. (clearly) [Version 2] — This is a sample completion.,-0.0006444379687309,-1.8534637633506594,0.0456431569221119,-1.8488994476584482,0.15741030930417876
Summarize this sentence: Artificial intelligence is transforming industries. (clearly),Summarize this sentence: Artificial intelligence is transforming industries. (clearly) [Version 3] — This is a sample completion.,-0.0026797521859407,-2.357175709013184,0.043607842704902096,-2.352814924742694,0.0951010826900012
Answer concisely: Why is the sky blue? (nicely),Answer concisely: Why is the sky blue? (nicely) [Version 1] — This is a sample completion.,-0.0479143522679805,-1.0671127444276216,-0.0016267573771377025,-1.0672754201653354,0.3439443457990368
Answer concisely: Why is the sky blue? (nicely),Answer concisely: Why is the sky blue? (nicely) [Version 2] — This is a sample completion.,-0.0436655133962631,-1.7630835395441062,0.002622081494579695,-1.7628213313946484,0.1715601523348497
Answer concisely: Why is the sky blue? (nicely),Answer concisely: Why is the sky blue? (nicely) [Version 3] — This is a sample completion.,-0.0450070649385452,-2.595651748601324,0.0012805299522975974,-2.5955236956060945,0.07460679459141599
Explain simply: What is reinforcement learning? (briefly),Explain simply: What is reinforcement learning? (briefly) [Version 1] — This is a sample completion.,-0.1054518967866897,-1.6717231956830851,-0.059164301895846906,-1.6776396258726698,0.18681440793800627
Explain simply: What is reinforcement learning? (briefly),Explain simply: What is reinforcement learning? (briefly) [Version 2] — This is a sample completion.,-0.098587267100811,-2.4873408351136606,-0.05229967220996821,-2.4925708023346576,0.08269709518191158
Explain simply: What is reinforcement learning? (briefly),Explain simply: What is reinforcement learning? (briefly) [Version 3] — This is a sample completion.,-0.1009031534194946,-1.606457698128774,-0.054615558528651804,-1.6119192539816392,0.19950434688713695
Explain simply: What is reinforcement learning? (briefly),Explain simply: What is reinforcement learning? (briefly) [Version 1] — This is a sample completion.,-0.1054518967866897,-1.420702210496298,-0.059164301895846906,-1.4266186406858827,0.24011948132037658
Explain simply: What is reinforcement learning? (briefly),Explain simply: What is reinforcement learning? (briefly) [Version 2] — This is a sample completion.,-0.098587267100811,-2.4103411591758555,-0.05229967220996821,-2.4155711263968525,0.08931631344786302
Explain simply: What is reinforcement learning? (briefly),Explain simply: What is reinforcement learning? (briefly) [Version 3] — This is a sample completion.,-0.1009031534194946,-1.5183119353778392,-0.054615558528651804,-1.5237734912307044,0.21788813475306626
Explain simply: What is reinforcement learning? (briefly),Explain simply: What is reinforcement learning? (briefly) [Version 1] — This is a sample completion.,-0.1054518967866897,-1.7936095365317508,-0.059164301895846906,-1.7995259667213355,0.16537726397041877
Explain simply: What is reinforcement learning? (briefly),Explain simply: What is reinforcement learning? (briefly) [Version 2] — This is a sample completion.,-0.098587267100811,-1.588969920002755,-0.05229967220996821,-1.5941998872237517,0.20307094317497135
Explain simply: What is reinforcement learning? (briefly),Explain simply: What is reinforcement learning? (briefly) [Version 3] — This is a sample completion.,-0.1009031534194946,-1.0516035086730264,-0.054615558528651804,-1.0570650645258917,0.34747412939741323
Summarize this sentence: Artificial intelligence is transforming industries. (in one sentence),Summarize this sentence: Artificial intelligence is transforming industries. (in one sentence) [Version 1] — This is a sample completion.,-0.0413552783429622,-2.1226940580014353,0.004932316547880594,-2.1222008263466474,0.11976775022265375
Summarize this sentence: Artificial intelligence is transforming industries. (in one sentence),Summarize this sentence: Artificial intelligence is transforming industries. (in one sentence) [Version 2] — This is a sample completion.,-0.0380622819066047,-2.3768680821787447,0.0082253129842381,-2.376045550880321,0.09291728865250604
Summarize this sentence: Artificial intelligence is transforming industries. (in one sentence),Summarize this sentence: Artificial intelligence is transforming industries. (in one sentence) [Version 3] — This is a sample completion.,-0.0405242145061492,-2.4447572148127614,0.005763380384693595,-2.444180876774292,0.0867972033960585
Explain simply: What is reinforcement learning? (nicely),Explain simply: What is reinforcement learning? (nicely) [Version 1] — This is a sample completion.,-0.1042500585317611,-2.4079051424827194,-0.0579624636409183,-2.4137013888468113,0.08948346773157172
Explain simply: What is reinforcement learning? (nicely),Explain simply: What is reinforcement learning? (nicely) [Version 2] — This is a sample completion.,-0.0968871116638183,-2.038550854707052,-0.05059951677297551,-2.0436108063843497,0.12956004901186527
Explain simply: What is reinforcement learning? (nicely),Explain simply: What is reinforcement learning? (nicely) [Version 3] — This is a sample completion.,-0.098779372870922,-1.829424012591678,-0.05249177798007921,-1.834673190389686,0.15966567351908217
Answer concisely: Why is the sky blue? (for a child),Answer concisely: Why is the sky blue? (for a child) [Version 1] — This is a sample completion.,-0.0331255868077278,-1.8616546003349905,0.013162008083114997,-1.8603383995266791,0.155619959735925
Answer concisely: Why is the sky blue? (for a child),Answer concisely: Why is the sky blue? (for a child) [Version 2] — This is a sample completion.,-0.0297638997435569,-1.5864083754819882,0.016523695147285897,-1.5847560059672596,0.2049978052564248
Answer concisely: Why is the sky blue? (for a child),Answer concisely: Why is the sky blue? (for a child) [Version 3] — This is a sample completion.,-0.0327033884823322,-1.9934990540610464,0.013584206408510595,-1.9921406334201954,0.13640312361657742
Answer concisely: Why is the sky blue? (clearly),Answer concisely: Why is the sky blue? (clearly) [Version 1] — This is a sample completion.,-0.0300296731293201,-1.2732329614213416,0.016257921761522697,-1.2716071692451894,0.2803806403316101
Answer concisely: Why is the sky blue? (clearly),Answer concisely: Why is the sky blue? (clearly) [Version 2] — This is a sample completion.,-0.0269496459513902,-2.132328416618978,0.019337948939452596,-2.130394621725033,0.11879040732634069
Answer concisely: Why is the sky blue? (clearly),Answer concisely: Why is the sky blue? (clearly) [Version 3] — This is a sample completion.,-0.0285573508590459,-0.6399154167051906,0.017730244031796898,-0.6381423923020109,0.5282728368382937
Rephrase politely: You are wrong. (nicely),Rephrase politely: You are wrong. (nicely) [Version 1] — This is a sample completion.,-0.0562291145324707,-1.687166326117497,-0.009941519641627906,-1.6881604780816597,0.18485926408560735
Rephrase politely: You are wrong. (nicely),Rephrase politely: You are wrong. (nicely) [Version 2] — This is a sample completion.,-0.0513118281960487,-2.4285787782081414,-0.005024233305205905,-2.429081201538662,0.08811775786000758
Rephrase politely: You are wrong. (nicely),Rephrase politely: You are wrong. (nicely) [Version 3] — This is a sample completion.,-0.0534633174538612,-2.535446249030556,-0.007175722563018405,-2.536163821286858,0.07916952644700632
Write a polite reply to: I need this report urgently. (for a child),Write a polite reply to: I need this report urgently. (for a child) [Version 1] — This is a sample completion.,0.0183743685483932,-1.7587637923784074,0.064661963439236,-1.7522975960344838,0.1733751394477631
Write a polite reply to: I need this report urgently. (for a child),Write a polite reply to: I need this report urgently. (for a child) [Version 2] — This is a sample completion.,0.021034263074398,-2.1117313926629255,0.06732185796524079,-2.1049992068664016,0.12184577090901676
Write a polite reply to: I need this report urgently. (for a child),Write a polite reply to: I need this report urgently. (for a child) [Version 3] — This is a sample completion.,0.0181667990982532,-1.642999752953954,0.064454393989096,-1.6365543135550444,0.19464958955572545
Rephrase politely: You are wrong. (for a child),Rephrase politely: You are wrong. (for a child) [Version 1] — This is a sample completion.,-0.0295506343245506,-1.7633811877132275,0.016736960566292196,-1.7617074916565982,0.17175134931161426
Rephrase politely: You are wrong. (for a child),Rephrase politely: You are wrong. (for a child) [Version 2] — This is a sample completion.,-0.0261210463941097,-2.0364144563284365,0.020166548496733095,-2.034397801478763,0.1307592017972856
Rephrase politely: You are wrong. (for a child),Rephrase politely: You are wrong. (for a child) [Version 3] — This is a sample completion.,-0.03009594976902,-2.4233968590342023,0.016191645121822796,-2.42177769452202,0.08876368240886887
Summarize this sentence: Artificial intelligence is transforming industries. (for a child),Summarize this sentence: Artificial intelligence is transforming industries. (for a child) [Version 1] — This is a sample completion.,0.0238690227270126,-2.757423612342932,0.0701566176178554,-2.7504079505811467,0.06390178711740838
Summarize this sentence: Artificial intelligence is transforming industries. (for a child),Summarize this sentence: Artificial intelligence is transforming industries. (for a child) [Version 2] — This is a sample completion.,0.0261019095778465,-2.2232574760335106,0.0723895044686893,-2.216018525586642,0.10904239519973345
Summarize this sentence: Artificial intelligence is transforming industries. (for a child),Summarize this sentence: Artificial intelligence is transforming industries. (for a child) [Version 3] — This is a sample completion.,0.0230146422982215,-1.5718006028382638,0.0693022371890643,-1.5648703791193574,0.20911511710226188
Answer concisely: Why is the sky blue? (clearly),Answer concisely: Why is the sky blue? (clearly) [Version 1] — This is a sample completion.,-0.0300296731293201,-1.8929531279348981,0.016257921761522697,-1.891327335758746,0.150871418844186
Answer concisely: Why is the sky blue? (clearly),Answer concisely: Why is the sky blue? (clearly) [Version 2] — This is a sample completion.,-0.0269496459513902,-2.6228693893559942,0.019337948939452596,-2.620935594462049,0.0727347807257378
Answer concisely: Why is the sky blue? (clearly),Answer concisely: Why is the sky blue? (clearly) [Version 3] — This is a sample completion.,-0.0285573508590459,-1.913409537074409,0.017730244031796898,-1.9116365126712294,0.14783824935081344
Answer concisely: Why is the sky blue? (for a child),Answer concisely: Why is the sky blue? (for a child) [Version 1] — This is a sample completion.,-0.0331255868077278,-1.8073413101355815,0.013162008083114997,-1.8060251093272701,0.16430593866701795
Answer concisely: Why is the sky blue? (for a child),Answer concisely: Why is the sky blue? (for a child) [Version 2] — This is a sample completion.,-0.0297638997435569,-2.4419287181005664,0.016523695147285897,-2.440276348585838,0.08713676801180632
Answer concisely: Why is the sky blue? (for a child),Answer concisely: Why is the sky blue? (for a child) [Version 3] — This is a sample completion.,-0.0327033884823322,-1.923137447027236,0.013584206408510595,-1.921779026386385,0.1463463763395195
Write a polite reply to: I need this report urgently. (briefly),Write a polite reply to: I need this report urgently. (briefly) [Version 1] — This is a sample completion.,0.0004741232842206,-1.970895640777,0.046761718175063395,-1.9662194689594936,0.13998507503347626
Write a polite reply to: I need this report urgently. (briefly),Write a polite reply to: I need this report urgently. (briefly) [Version 2] — This is a sample completion.,0.0036055408418178,-2.5714851489153117,0.0498931357326606,-2.5664958353420455,0.07680420902309404
Write a polite reply to: I need this report urgently. (briefly),Write a polite reply to: I need this report urgently. (briefly) [Version 3] — This is a sample completion.,0.001946285367012,-1.8211063198258584,0.0482338802578548,-1.8162829318000728,0.1626291324105731
Answer concisely: Why is the sky blue? (nicely),Answer concisely: Why is the sky blue? (nicely) [Version 1] — This is a sample completion.,-0.0479143522679805,-1.7196077368158829,-0.0016267573771377025,-1.7197704125535966,0.17910726397081445
Answer concisely: Why is the sky blue? (nicely),Answer concisely: Why is the sky blue? (nicely) [Version 2] — This is a sample completion.,-0.0436655133962631,-1.4584743784123615,0.002622081494579695,-1.4582121702629036,0.23265184502152408
Answer concisely: Why is the sky blue? (nicely),Answer concisely: Why is the sky blue? (nicely) [Version 3] — This is a sample completion.,-0.0450070649385452,-1.4730989739825486,0.0012805299522975974,-1.472970920987319,0.22924340843701693
Rephrase politely: You are wrong. (clearly),Rephrase politely: You are wrong. (clearly) [Version 1] — This is a sample completion.,-0.0514846965670585,-2.6888346839785457,-0.005197101676215704,-2.6893543941461675,0.06792477785325095
Rephrase politely: You are wrong. (clearly),Rephrase politely: You are wrong. (clearly) [Version 2] — This is a sample completion.,-0.0477590858936309,-2.4689125199575614,-0.0014714910027881015,-2.4690596690578404,0.08466443416935483
Rephrase politely: You are wrong. (clearly),Rephrase politely: You are wrong. (clearly) [Version 3] — This is a sample completion.,-0.0503237321972847,-1.7424823663956701,-0.004036137306441902,-1.7428859801263143,0.17501458247068727
Explain simply: What is reinforcement learning? (for a child),Explain simply: What is reinforcement learning? (for a child) [Version 1] — This is a sample completion.,-0.0740541964769363,-1.7431070245438955,-0.027766601586093502,-1.745883684702505,0.17449072603162838
Explain simply: What is reinforcement learning? (for a child),Explain simply: What is reinforcement learning? (for a child) [Version 2] — This is a sample completion.,-0.0698441639542579,-1.742476156846976,-0.0235565690634151,-1.7448318137533174,0.17467436432220326
Explain simply: What is reinforcement learning? (for a child),Explain simply: What is reinforcement learning? (for a child) [Version 3] — This is a sample completion.,-0.0733097940683364,-0.0736342546726394,-0.027022199177493607,-0.07633647459038875,0.9265044089148485
Summarize this sentence: Artificial intelligence is transforming industries. (in one sentence),Summarize this sentence: Artificial intelligence is transforming industries. (in one sentence) [Version 1] — This is a sample completion.,-0.0413552783429622,-1.7145547446534164,0.004932316547880594,-1.7140615129986283,0.18013269360274817
Summarize this sentence: Artificial intelligence is transforming industries. (in one sentence),Summarize this sentence: Artificial intelligence is transforming industries. (in one sentence) [Version 2] — This is a sample completion.,-0.0380622819066047,-1.4322171799097005,0.0082253129842381,-1.4313946486112767,0.23897540301280643
Summarize this sentence: Artificial intelligence is transforming industries. (in one sentence),Summarize this sentence: Artificial intelligence is transforming industries. (in one sentence) [Version 3] — This is a sample completion.,-0.0405242145061492,-1.5229991182533988,0.005763380384693595,-1.5224227802149295,0.21818263750616554
Explain simply: What is reinforcement learning? (nicely),Explain simply: What is reinforcement learning? (nicely) [Version 1] — This is a sample completion.,-0.1042500585317611,-1.674304374347101,-0.0579624636409183,-1.680100620711193,0.1863552239008356
Explain simply: What is reinforcement learning? (nicely),Explain simply: What is reinforcement learning? (nicely) [Version 2] — This is a sample completion.,-0.0968871116638183,-2.157634622320173,-0.05059951677297551,-2.1626945739974706,0.11501478726209062
Explain simply: What is reinforcement learning? (nicely),Explain simply: What is reinforcement learning? (nicely) [Version 3] — This is a sample completion.,-0.098779372870922,-1.6205153897533662,-0.05249177798007921,-1.625764567551374,0.19676118046587412
Write a polite reply to: I need this report urgently. (briefly),Write a polite reply to: I need this report urgently. (briefly) [Version 1] — This is a sample completion.,0.0004741232842206,-2.386412607268786,0.046761718175063395,-2.3817364354512796,0.09239000885541597
Write a polite reply to: I need this report urgently. (briefly),Write a polite reply to: I need this report urgently. (briefly) [Version 2] — This is a sample completion.,0.0036055408418178,-2.1184093033700044,0.0498931357326606,-2.1134199897967383,0.12082404203725751
Write a polite reply to: I need this report urgently. (briefly),Write a polite reply to: I need this report urgently. (briefly) [Version 3] — This is a sample completion.,0.001946285367012,-2.2426817739145517,0.0482338802578548,-2.2378583858887664,0.10668674172541846
Rephrase politely: You are wrong. (clearly),Rephrase politely: You are wrong. (clearly) [Version 1] — This is a sample completion.,-0.0514846965670585,-1.9590629303068388,-0.005197101676215704,-1.9595826404744603,0.14091722179446767
Rephrase politely: You are wrong. (clearly),Rephrase politely: You are wrong. (clearly) [Version 2] — This is a sample completion.,-0.0477590858936309,-0.8426707166632457,-0.0014714910027881015,-0.8428178657635245,0.4304957334866731
Rephrase politely: You are wrong. (clearly),Rephrase politely: You are wrong. (clearly) [Version 3] — This is a sample completion.,-0.0503237321972847,-2.9336325962958743,-0.004036137306441902,-2.9340362100265183,0.05318195084520617
Rephrase politely: You are wrong. (in one sentence),Rephrase politely: You are wrong. (in one sentence) [Version 1] — This is a sample completion.,-0.1227161139249801,-1.6568699048127433,-0.0764285190341373,-1.664512756716157,0.1892828623205978
Rephrase politely: You are wrong. (in one sentence),Rephrase politely: You are wrong. (in one sentence) [Version 2] — This is a sample completion.,-0.1182472184300422,-2.806357935594826,-0.07195962353919941,-2.8135538979487458,0.05999140974367367
Rephrase politely: You are wrong. (in one sentence),Rephrase politely: You are wrong. (in one sentence) [Version 3] — This is a sample completion.,-0.1213690415024757,-2.235965932894717,-0.07508144661163291,-2.24347407755588,0.10608930097052709
Answer concisely: Why is the sky blue? (nicely),Answer concisely: Why is the sky blue? (nicely) [Version 1] — This is a sample completion.,-0.0479143522679805,-1.455524701516317,-0.0016267573771377025,-1.4556873772540309,0.23323998492666745
Answer concisely: Why is the sky blue? (nicely),Answer concisely: Why is the sky blue? (nicely) [Version 2] — This is a sample completion.,-0.0436655133962631,-1.9678599904522687,0.002622081494579695,-1.9675977823028108,0.13979226464378305
Answer concisely: Why is the sky blue? (nicely),Answer concisely: Why is the sky blue? (nicely) [Version 3] — This is a sample completion.,-0.0450070649385452,-2.538872388964653,0.0012805299522975974,-2.5387443359694233,0.0789654916921616
Rephrase politely: You are wrong. (in one sentence),Rephrase politely: You are wrong. (in one sentence) [Version 1] — This is a sample completion.,-0.1227161139249801,-2.3576518546299843,-0.0764285190341373,-2.365294706533398,0.09392161697529122
Rephrase politely: You are wrong. (in one sentence),Rephrase politely: You are wrong. (in one sentence) [Version 2] — This is a sample completion.,-0.1182472184300422,-1.660201125532662,-0.07195962353919941,-1.667397087886582,0.18873769446105862
Rephrase politely: You are wrong. (in one sentence),Rephrase politely: You are wrong. (in one sentence) [Version 3] — This is a sample completion.,-0.1213690415024757,-2.3651833158585682,-0.07508144661163291,-2.3726914605197313,0.09322946487567486
Explain simply: What is reinforcement learning? (in one sentence),Explain simply: What is reinforcement learning? (in one sentence) [Version 1] — This is a sample completion.,-0.1341020166873932,-1.8917707052090125,-0.08781442179655038,-1.9005521473886675,0.14948605809515766
Explain simply: What is reinforcement learning? (in one sentence),Explain simply: What is reinforcement learning? (in one sentence) [Version 2] — This is a sample completion.,-0.1298099756240844,-1.977214080048093,-0.08352238073324159,-1.9855663181214172,0.13730283501158558
Explain simply: What is reinforcement learning? (in one sentence),Explain simply: What is reinforcement learning? (in one sentence) [Version 3] — This is a sample completion.,-0.1328698247671127,-2.3258001738029086,-0.0865822298762699,-2.3344583967905357,0.09686292959597487
Explain simply: What is reinforcement learning? (briefly),Explain simply: What is reinforcement learning? (briefly) [Version 1] — This is a sample completion.,-0.1054518967866897,-0.9280279553373372,-0.059164301895846906,-0.9339443855269218,0.3930005036636027
Explain simply: What is reinforcement learning? (briefly),Explain simply: What is reinforcement learning? (briefly) [Version 2] — This is a sample completion.,-0.098587267100811,-1.6830404888409944,-0.05229967220996821,-1.6882704560619912,0.18483893475500748
Explain simply: What is reinforcement learning? (briefly),Explain simply: What is reinforcement learning? (briefly) [Version 3] — This is a sample completion.,-0.1009031534194946,-3.0125712933288034,-0.054615558528651804,-3.0180328491816684,0.04889731220320082
Explain simply: What is reinforcement learning? (in one sentence),Explain simply: What is reinforcement learning? (in one sentence) [Version 1] — This is a sample completion.,-0.1341020166873932,-1.9067728426152861,-0.08781442179655038,-1.9155542847949412,0.14726018587855533
Explain simply: What is reinforcement learning? (in one sentence),Explain simply: What is reinforcement learning? (in one sentence) [Version 2] — This is a sample completion.,-0.1298099756240844,-2.330893232384194,-0.08352238073324159,-2.3392454704575183,0.09640034770656973
Explain simply: What is reinforcement learning? (in one sentence),Explain simply: What is reinforcement learning? (in one sentence) [Version 3] — This is a sample completion.,-0.1328698247671127,-1.573783332601888,-0.0865822298762699,-1.582441555589515,0.20547281198194675
Explain simply: What is reinforcement learning? (for a child),Explain simply: What is reinforcement learning? (for a child) [Version 1] — This is a sample completion.,-0.0740541964769363,-2.39626036921635,-0.027766601586093502,-2.3990370293749597,0.09080535408904132
Explain simply: What is reinforcement learning? (for a child),Explain simply: What is reinforcement learning? (for a child) [Version 2] — This is a sample completion.,-0.0698441639542579,-2.0573682207334496,-0.0235565690634151,-2.059723877639791,0.1274891676450254
Explain simply: What is reinforcement learning? (for a child),Explain simply: What is reinforcement learning? (for a child) [Version 3] — This is a sample completion.,-0.0733097940683364,-1.7475063605097714,-0.027022199177493607,-1.7502085804275207,0.17373770138685224
Write a polite reply to: I need this report urgently. (for a child),Write a polite reply to: I need this report urgently. (for a child) [Version 1] — This is a sample completion.,0.0183743685483932,-1.5671224029149393,0.064661963439236,-1.5606562065710157,0.20999822376317906
Write a polite reply to: I need this report urgently. (for a child),Write a polite reply to: I need this report urgently. (for a child) [Version 2] — This is a sample completion.,0.021034263074398,-2.6001482035278882,0.06732185796524079,-2.5934160177313643,0.07476420751127202
Write a polite reply to: I need this report urgently. (for a child),Write a polite reply to: I need this report urgently. (for a child) [Version 3] — This is a sample completion.,0.0181667990982532,-2.167250617920474,0.064454393989096,-2.1608051785215645,0.11523230110093041
Answer concisely: Why is the sky blue? (in one sentence),Answer concisely: Why is the sky blue? (in one sentence) [Version 1] — This is a sample completion.,-0.088518775999546,-2.2374726555804783,-0.0422311811087032,-2.2416957736913488,0.10627812783043412
Answer concisely: Why is the sky blue? (in one sentence),Answer concisely: Why is the sky blue? (in one sentence) [Version 2] — This is a sample completion.,-0.0857315212488174,-2.326664616286856,-0.039443926357974606,-2.330609008922653,0.09723651115085748
Answer concisely: Why is the sky blue? (in one sentence),Answer concisely: Why is the sky blue? (in one sentence) [Version 3] — This is a sample completion.,-0.0877892524003982,-1.1172728798594516,-0.0415016575095554,-1.121423045610407,0.32581581380476904
Answer concisely: Why is the sky blue? (briefly),Answer concisely: Why is the sky blue? (briefly) [Version 1] — This is a sample completion.,-0.0513325557112693,-1.7975091445195222,-0.005044960820426506,-1.7980136406015648,0.16562755754138545
Answer concisely: Why is the sky blue? (briefly),Answer concisely: Why is the sky blue? (briefly) [Version 2] — This is a sample completion.,-0.0478417128324508,-2.6304419771675227,-0.0015541179416080006,-2.6305973889616836,0.07203541621993793
Answer concisely: Why is the sky blue? (briefly),Answer concisely: Why is the sky blue? (briefly) [Version 3] — This is a sample completion.,-0.0499147772789001,-1.541069026472612,-0.003627182388057301,-1.5414317447114176,0.21407438204310503
Rephrase politely: You are wrong. (briefly),Rephrase politely: You are wrong. (briefly) [Version 1] — This is a sample completion.,-0.0637455508112907,-0.9389219014936834,-0.017457955920447903,-0.9406676970857282,0.3903671013466046
Rephrase politely: You are wrong. (briefly),Rephrase politely: You are wrong. (briefly) [Version 2] — This is a sample completion.,-0.0603556707501411,-1.4837673697244265,-0.014068075859298305,-1.4851741773103564,0.2264628925435649
Rephrase politely: You are wrong. (briefly),Rephrase politely: You are wrong. (briefly) [Version 3] — This is a sample completion.,-0.0632742047309875,-2.7596849829770065,-0.016986609840144697,-2.761383643961021,0.06320425564374971
Summarize this sentence: Artificial intelligence is transforming industries. (clearly),Summarize this sentence: Artificial intelligence is transforming industries. (clearly) [Version 1] — This is a sample completion.,-0.0048061460256576,-2.2421170364331258,0.0414814488651852,-2.237968891546607,0.1066749528882198
Summarize this sentence: Artificial intelligence is transforming industries. (clearly),Summarize this sentence: Artificial intelligence is transforming industries. (clearly) [Version 2] — This is a sample completion.,-0.0006444379687309,-1.3665444254066887,0.0456431569221119,-1.3619801097144775,0.2561530632860558
Summarize this sentence: Artificial intelligence is transforming industries. (clearly),Summarize this sentence: Artificial intelligence is transforming industries. (clearly) [Version 3] — This is a sample completion.,-0.0026797521859407,-2.3538347328093905,0.043607842704902096,-2.3494739485389005,0.09541934450075193
Answer concisely: Why is the sky blue? (in one sentence),Answer concisely: Why is the sky blue? (in one sentence) [Version 1] — This is a sample completion.,-0.088518775999546,-1.778090285926886,-0.0422311811087032,-1.7823134040377562,0.16824847001204477
Answer concisely: Why is the sky blue? (in one sentence),Answer concisely: Why is the sky blue? (in one sentence) [Version 2] — This is a sample completion.,-0.0857315212488174,-1.6126829732853316,-0.039443926357974606,-1.616627365921129,0.19856726576196354
Answer concisely: Why is the sky blue? (in one sentence),Answer concisely: Why is the sky blue? (in one sentence) [Version 3] — This is a sample completion.,-0.0877892524003982,-2.4634652357890414,-0.0415016575095554,-2.467615401539997,0.08478680060520605
Summarize this sentence: Artificial intelligence is transforming industries. (in one sentence),Summarize this sentence: Artificial intelligence is transforming industries. (in one sentence) [Version 1] — This is a sample completion.,-0.0413552783429622,-2.0297626780309,0.004932316547880594,-2.0292694463761123,0.13143150384539792
Summarize this sentence: Artificial intelligence is transforming industries. (in one sentence),Summarize this sentence: Artificial intelligence is transforming industries. (in one sentence) [Version 2] — This is a sample completion.,-0.0380622819066047,-3.620633670034536,0.0082253129842381,-3.6198111387361123,0.026787735180450925
Summarize this sentence: Artificial intelligence is transforming industries. (in one sentence),Summarize this sentence: Artificial intelligence is transforming industries. (in one sentence) [Version 3] — This is a sample completion.,-0.0405242145061492,-2.512193820667145,0.005763380384693595,-2.5116174826286755,0.08113689552737967
Answer concisely: Why is the sky blue? (nicely),Answer concisely: Why is the sky blue? (nicely) [Version 1] — This is a sample completion.,-0.0479143522679805,-2.12628407569658,-0.0016267573771377025,-2.126446751434294,0.11926030338028074
Answer concisely: Why is the sky blue? (nicely),Answer concisely: Why is the sky blue? (nicely) [Version 2] — This is a sample completion.,-0.0436655133962631,-2.6238915909824247,0.002622081494579695,-2.623629382832967,0.07253911228226861
Answer concisely: Why is the sky blue? (nicely),Answer concisely: Why is the sky blue? (nicely) [Version 3] — This is a sample completion.,-0.0450070649385452,-1.1837943480341824,0.0012805299522975974,-1.1836662950389527,0.30615422674196163
Explain simply: What is reinforcement learning? (for a child),Explain simply: What is reinforcement learning? (for a child) [Version 1] — This is a sample completion.,-0.0740541964769363,-2.7150706889803162,-0.027766601586093502,-2.7178473491389257,0.06601671251152073
Explain simply: What is reinforcement learning? (for a child),Explain simply: What is reinforcement learning? (for a child) [Version 2] — This is a sample completion.,-0.0698441639542579,-2.2200222433484917,-0.0235565690634151,-2.222377900254833,0.10835115401435934
Explain simply: What is reinforcement learning? (for a child),Explain simply: What is reinforcement learning? (for a child) [Version 3] — This is a sample completion.,-0.0733097940683364,-1.9346297113569544,-0.027022199177493607,-1.9373319312747037,0.144087873731804
Rephrase politely: You are wrong. (in one sentence),Rephrase politely: You are wrong. (in one sentence) [Version 1] — This is a sample completion.,-0.1227161139249801,-1.2793633554669421,-0.0764285190341373,-1.2870062073703559,0.27609612156099406
Rephrase politely: You are wrong. (in one sentence),Rephrase politely: You are wrong. (in one sentence) [Version 2] — This is a sample completion.,-0.1182472184300422,-2.7179310755897195,-0.07195962353919941,-2.7251270379436394,0.06553787639210852
Rephrase politely: You are wrong. (in one sentence),Rephrase politely: You are wrong. (in one sentence) [Version 3] — This is a sample completion.,-0.1213690415024757,-1.4184181239225202,-0.07508144661163291,-1.4259262685836835,0.24028579091785637
Write a polite reply to: I need this report urgently. (in one sentence),Write a polite reply to: I need this report urgently. (in one sentence) [Version 1] — This is a sample completion.,-0.0582949817180633,-1.9948834694902065,-0.012007386827220502,-1.9960842081729284,0.13586626696501392
Write a polite reply to: I need this report urgently. (in one sentence),Write a polite reply to: I need this report urgently. (in one sentence) [Version 2] — This is a sample completion.,-0.0551915504038333,-2.4907543255239757,-0.008903955512990502,-2.4916447210752746,0.08277371488452438
Write a polite reply to: I need this report urgently. (in one sentence),Write a polite reply to: I need this report urgently. (in one sentence) [Version 3] — This is a sample completion.,-0.0572956278920173,-1.7689482628683646,-0.011008033001174505,-1.770049066168482,0.17032463144331572
Rephrase politely: You are wrong. (briefly),Rephrase politely: You are wrong. (briefly) [Version 1] — This is a sample completion.,-0.0637455508112907,-1.900470152213265,-0.017457955920447903,-1.9022159478053098,0.14923754992074614
Rephrase politely: You are wrong. (briefly),Rephrase politely: You are wrong. (briefly) [Version 2] — This is a sample completion.,-0.0603556707501411,-2.3001084385793975,-0.014068075859298305,-2.3015152461653274,0.10010704193189775
Rephrase politely: You are wrong. (briefly),Rephrase politely: You are wrong. (briefly) [Version 3] — This is a sample completion.,-0.0632742047309875,-1.9650989575049906,-0.016986609840144697,-1.966797618489005,0.1399041661191861
Rephrase politely: You are wrong. (nicely),Rephrase politely: You are wrong. (nicely) [Version 1] — This is a sample completion.,-0.0562291145324707,-2.19265679843088,-0.009941519641627906,-2.193650950395043,0.11150889110656508
Rephrase politely: You are wrong. (nicely),Rephrase politely: You are wrong. (nicely) [Version 2] — This is a sample completion.,-0.0513118281960487,-1.943241327374376,-0.005024233305205905,-1.9437437507048967,0.14316696381240393
Rephrase politely: You are wrong. (nicely),Rephrase politely: You are wrong. (nicely) [Version 3] — This is a sample completion.,-0.0534633174538612,-1.6689346627394768,-0.007175722563018405,-1.6696522349957785,0.18831254276498996
Write a polite reply to: I need this report urgently. (briefly),Write a polite reply to: I need this report urgently. (briefly) [Version 1] — This is a sample completion.,0.0004741232842206,-1.206991591927324,0.046761718175063395,-1.2023154201098176,0.3004976275309311
Write a polite reply to: I need this report urgently. (briefly),Write a polite reply to: I need this report urgently. (briefly) [Version 2] — This is a sample completion.,0.0036055408418178,-2.6189077494134247,0.0498931357326606,-2.6139184358401586,0.07324696716446907
Write a polite reply to: I need this report urgently. (briefly),Write a polite reply to: I need this report urgently. (briefly) [Version 3] — This is a sample completion.,0.001946285367012,-0.9334833126718667,0.0482338802578548,-0.9286599246460812,0.395082796503132
Answer concisely: Why is the sky blue? (nicely),Answer concisely: Why is the sky blue? (nicely) [Version 1] — This is a sample completion.,-0.0479143522679805,-2.976043899761251,-0.0016267573771377025,-2.976206575498965,0.05098587856411068
Answer concisely: Why is the sky blue? (nicely),Answer concisely: Why is the sky blue? (nicely) [Version 2] — This is a sample completion.,-0.0436655133962631,-2.0758925475177916,0.002622081494579695,-2.0756303393683337,0.12547730927228526
Answer concisely: Why is the sky blue? (nicely),Answer concisely: Why is the sky blue? (nicely) [Version 3] — This is a sample completion.,-0.0450070649385452,-1.7058413967577117,0.0012805299522975974,-1.705713343762482,0.18164276621478956
Summarize this sentence: Artificial intelligence is transforming industries. (briefly),Summarize this sentence: Artificial intelligence is transforming industries. (briefly) [Version 1] — This is a sample completion.,-0.0174394752830266,-1.8595040661324838,0.028848119607816195,-1.8566192541717021,0.1561998105927523
Summarize this sentence: Artificial intelligence is transforming industries. (briefly),Summarize this sentence: Artificial intelligence is transforming industries. (briefly) [Version 2] — This is a sample completion.,-0.013174096122384,-2.311349759910297,0.033113498768458795,-2.308038410033451,0.09945615253017072
Summarize this sentence: Artificial intelligence is transforming industries. (briefly),Summarize this sentence: Artificial intelligence is transforming industries. (briefly) [Version 3] — This is a sample completion.,-0.0155286770313978,-2.1040611251786374,0.030758917859444998,-2.100985233392693,0.12233583950450254
Rephrase politely: You are wrong. (nicely),Rephrase politely: You are wrong. (nicely) [Version 1] — This is a sample completion.,-0.0562291145324707,-2.246500467329416,-0.009941519641627906,-2.247494619293579,0.10566362081388792
Rephrase politely: You are wrong. (nicely),Rephrase politely: You are wrong. (nicely) [Version 2] — This is a sample completion.,-0.0513118281960487,-2.294682378472106,-0.005024233305205905,-2.2951848018026264,0.10074277410167336
Rephrase politely: You are wrong. (nicely),Rephrase politely: You are wrong. (nicely) [Version 3] — This is a sample completion.,-0.0534633174538612,-1.5751989514894877,-0.007175722563018405,-1.5759165237457895,0.2068179122618114
Answer concisely: Why is the sky blue? (in one sentence),Answer concisely: Why is the sky blue? (in one sentence) [Version 1] — This is a sample completion.,-0.088518775999546,-1.8214922570174763,-0.0422311811087032,-1.8257153751283466,0.1611023542795781
Answer concisely: Why is the sky blue? (in one sentence),Answer concisely: Why is the sky blue? (in one sentence) [Version 2] — This is a sample completion.,-0.0857315212488174,-2.346454797630327,-0.039443926357974606,-2.3503991902661245,0.0953310993719685
Answer concisely: Why is the sky blue? (in one sentence),Answer concisely: Why is the sky blue? (in one sentence) [Version 3] — This is a sample completion.,-0.0877892524003982,-1.5502000622833747,-0.0415016575095554,-1.5543502280343302,0.21132665217337568
Summarize this sentence: Artificial intelligence is transforming industries. (nicely),Summarize this sentence: Artificial intelligence is transforming industries. (nicely) [Version 1] — This is a sample completion.,-0.0167106445878744,-1.8463502395616953,0.029576950302968398,-1.8433925445313986,0.1582795438271741
Summarize this sentence: Artificial intelligence is transforming industries. (nicely),Summarize this sentence: Artificial intelligence is transforming industries. (nicely) [Version 2] — This is a sample completion.,-0.0119875483214855,-1.59356894058052,0.0343000465693573,-1.5901389359235842,0.20389728110912103
Summarize this sentence: Artificial intelligence is transforming industries. (nicely),Summarize this sentence: Artificial intelligence is transforming industries. (nicely) [Version 3] — This is a sample completion.,-0.0136412950232625,-1.685185579038194,0.032646299867580296,-1.681920949051436,0.1860163047710518
